Keyword.1,Keyword.2,Keyword.3,Keyword.4,Keyword.5,Keyword.6,Keyword.7,Keyword.8,Keyword.9,Keyword.10,Keyword.11,Keyword.12
EQUITY,ORGANIZATIONAL sociology,PERFORMANCE,META-analysis,PSYCHOMETRICS,ORGANIZATIONAL research,FINANCIAL performance,AGENCY theory,ORGANIZATIONAL effectiveness,ORGANIZATIONAL behavior,CORPORATE governance,
DIVERSIFICATION in industry,BUSINESS planning,PERFORMANCE standards,EMPLOYEES -- Rating of,CORPORATE culture,STRATEGIC planning,ORGANIZATIONAL effectiveness,MANAGEMENT science,MANAGEMENT research,PRODUCT management,,
INTERORGANIZATIONAL relations,INTERGROUP relations,BUSINESS communication,INVESTMENTS,SUPPLY chains,KNOWLEDGE management,INTERORGANIZATIONAL networks,CORPORATE governance,GROUP decision making,INTELLECTUAL capital,,
EXECUTIVE compensation,WAGES,HUMAN capital,LABOR economics,PERSONNEL management,MANAGEMENT science,CONTINGENCY theory (Management),COMPENSATION management,EXECUTIVE ability (Management),CORPORATE governance,,
KNOWLEDGE management,INFORMATION resources management,MANAGEMENT information systems,BREAK-even analysis,DATA mining,MANAGEMENT science,RESEARCH & development,RESEARCH & development contracts,CORPORATE governance,DECISION making,ORGANIZATIONAL behavior,TRANSACTION costs
EMOTIONS (Psychology),INTERPERSONAL relations,STRESS (Psychology),SOCIAL interaction,SOCIAL psychology,EMPLOYEES -- Attitudes,CUSTOMER services,CUSTOMER satisfaction,JOB stress,PEER review (Professional performance),,
SUPERVISORS,JUSTICE,CONFLICT management,MEDIATION,EMPLOYEES,INDUSTRIAL relations,ORGANIZATIONAL behavior,UNITED States -- National Guard,ORGANIZATIONAL effectiveness,DECISION making,RESOURCE allocation,
INDUSTRIAL relations,MANAGEMENT science,DECISION theory,ORGANIZATIONAL sociology,PUNCTUATED equilibrium (Evolution),ORGANIZATIONAL change,ORGANIZATIONAL behavior,ORGANIZATIONAL structure,BUSINESS models,ORGANIZATIONAL research,,
DECISION making,EXECUTIVES,INDUSTRIAL management,NEW products,HIGH technology industries,,,,,,,
CORPORATE governance,INDUSTRIAL management,STOCKHOLDERS wealth,INSTITUTIONAL investors,WAGES,NEW products,ORGANIZATIONAL structure,ORGANIZATIONAL behavior,DECENTRALIZATION in management,ORGANIZATIONAL effectiveness,,
EXECUTIVES,STOCKHOLDERS wealth,STOCK repurchasing,CORPORATIONS -- Finance,INCENTIVES in industry,CORPORATE governance,STRATEGIC planning,EXECUTIVE ability (Management),AGENCY theory,ORGANIZATIONAL behavior,ORGANIZATIONAL effectiveness,
FAMILY-owned business enterprises,DEBT,DIRECTORS of corporations,AGENCY theory,ORGANIZATIONAL behavior,ORGANIZATIONAL structure,EMPLOYEE ownership,CORPORATE governance,DECISION making,BOARDS of directors,INDUSTRIAL relations,
INSTITUTIONAL investors,DIVERSIFICATION in industry,BUSINESS planning,GLOBALIZATION,BOARDS of directors,INTERNATIONAL business enterprises,FOREIGN investments,PENSION trusts,HIGH technology,STRATEGIC planning,TECHNOLOGICAL innovations,INNOVATION adoption
RESEARCH & development,INVESTMENTS,PROPERTY,INCENTIVES in industry,AGENCY theory,ORGANIZATIONAL sociology,ORGANIZATIONAL structure,STEWARDS,,,,
FAMILY-owned business enterprises,CHIEF executive officers,EXECUTIVE compensation,BUSINESS enterprises,RISK,MUNICIPAL corporations,CORPORATE governance,RESEARCH & development,ORGANIZATIONAL behavior,ORGANIZATIONAL structure,,
PROPERTY,PERFORMANCE,STOCKHOLDERS,PROFIT,MINORITY stockholders,EMINENT domain,ORGANIZATIONAL effectiveness,ORGANIZATIONAL structure,CORPORATE governance,,,
STOCK options,STOCKS (Finance),CHIEF executive officers,STOCK ownership,EXECUTIVE compensation,EMPLOYEE stock options,ORGANIZATIONAL structure,ORGANIZATIONAL effectiveness,DECISION making,RISK management in business,,
MANAGEMENT science,DECISION making,SCREENWRITERS,CREATIVE ability,CREATIVE ability in business,SOCIAL judgment theory (Communication),MOTION picture authorship,SELF-perception,ORGANIZATIONAL behavior,QUALITY of products,,
INTERORGANIZATIONAL relations,INDUSTRIAL organization,ORGANIZATIONAL behavior,ORGANIZATIONAL effectiveness,INTERGROUP relations,ORGANIZATIONAL structure,BUSINESS networks,SUPPLIERS,STRATEGIC alliances (Business),,,
AGGRESSION (Psychology),VIOLENCE,SOCIAL psychology,ORGANIZATIONAL justice,WORK environment,INDUSTRIAL relations,MANAGEMENT science,VIOLENCE in the workplace,ANGER in the workplace,EMPLOYEES -- Attitudes,PROBLEM employees,WORK attitudes
CHIEF executive officers,PERSONNEL changes,SUCCESSION planning,EXECUTIVE succession,MANAGEMENT science,EXECUTIVES -- Recruiting,STRATEGIC planning,MANAGEMENT research,EXECUTIVE ability (Management),JOB qualifications,ORGANIZATIONAL change,
MENTAL fatigue,JOB stress,INDUSTRIAL psychology,BURNOUT (Psychology),SOCIAL networks,PERSONNEL management,MANAGEMENT science,MOTIVATION (Psychology),INTRINSIC motivation,JOB qualifications,ORGANIZATIONAL behavior,ORGANIZATIONAL effectiveness
PERSONNEL management,PERSONNEL changes,MANAGEMENT science,INTERORGANIZATIONAL relations,CONTAGION (Social psychology),TEAMS in the workplace,EXECUTIVES -- Recruiting,EMPLOYEE recruitment,ORGANIZATIONAL sociology,BUSINESS networks,INTERORGANIZATIONAL networks,
PRODUCT management,NEW products,PROBLEM solving,QUALITY of products,DECENTRALIZATION in management,MARKETING management,MANAGEMENT science,PRODUCT design,PRODUCT lines,PRODUCT information management,ORGANIZATIONAL behavior,
SOCIAL capital (Sociology),INFRASTRUCTURE (Economics),VENTURE capital,INVESTMENTS,GOING public (Securities),COMPETITIVE advantage,ENTREPRENEURSHIP,CAPITAL market,RESOURCE management,ORGANIZATIONAL effectiveness,,
ORGANIZATIONAL behavior,MULTILEVEL marketing,ORGANIZATIONAL commitment,MARKETING management,QUALITY of work life,JOB satisfaction,AMBIVALENCE,ORGANIZATIONAL structure,ORGANIZATIONAL effectiveness,ORGANIZATIONAL sociology,,
NEW products,PERFORMANCE evaluation,COMMERCIAL products,PRODUCT management,MARKETING,DECISION making,MARKETING -- Decision making,RESEARCH & development,STRATEGIC planning,PRODUCT design,,
LEADERSHIP,TEAMS in the workplace,STRATEGIC planning,SELF-management (Psychology),MANAGEMENT -- Employee participation,CRITICAL incident technique,TASK analysis,MANAGEMENT science,EXECUTIVE ability (Management),DECISION making,,
TEAMS in the workplace,DECISION making,CRITICAL thinking,WORKFLOW,MANAGEMENT,DECENTRALIZATION in management,MANAGEMENT science,ORGANIZATIONAL behavior,DELEGATION of authority,GROUP decision making,STRATEGIC business units,
LABOR supply,LABOR organizing,CONDUCT of life,ORGANIZATIONAL behavior,EMPLOYEE loyalty,ORGANIZATIONAL commitment,INDUSTRIAL relations,ORGANIZATIONAL structure,EMPLOYEES -- Attitudes,PERSONNEL management,,
EMPLOYEES -- Attitudes,AGGRESSION (Psychology),TEAMS in the workplace,SOCIAL influence,INDIVIDUAL differences,INTERPERSONAL relations,SOCIAL context,ORGANIZATIONAL behavior,ORGANIZATIONAL structure,WORK environment,,
WORK & family,PERSONNEL management,STOCKHOLDERS,WOMEN employees,STOCKS (Finance) -- Prices,MANAGEMENT science,HUMAN resource accounting,WOMEN -- Employment,ORGANIZATIONAL behavior,QUALITY of work life,,
HUMAN capital,CHIEF executive officers,CAPITAL investments,LABOR economics,CONSOLIDATION & merger of corporations,EXECUTIVES -- Dismissal of,ORGANIZATIONAL effectiveness,ORGANIZATIONAL behavior,LABOR turnover,EXECUTIVE succession,,
SOCIAL status,GENEROSITY,BEHAVIORAL research,LABOR productivity,SOCIAL exchange,INTERPERSONAL relations,SOCIAL factors,EMPLOYEES -- Attitudes -- Research,PERSONNEL management,ORGANIZATIONAL behavior,,
LEADERSHIP,EXECUTIVE ability (Management),EMPLOYEE motivation,MOTIVATION (Psychology),INDUSTRIAL psychology,MANAGEMENT science,JOB satisfaction,CHARISMATIC authority,SELF-congruence,MANAGEMENT styles,,
EMPLOYEE motivation,JOB performance,TEAMS in the workplace,INDUSTRIAL management,PERSONNEL management,ORGANIZATIONAL sociology,INCENTIVES in industry,INDUSTRIAL psychology,GOAL setting in personnel management,REWARD (Psychology),,
TEAMS in the workplace,ORGANIZATIONAL sociology,EMPLOYEE motivation,LEADERSHIP,INTERPERSONAL relations,INDUSTRIAL management,PYGMALION (Greek mythology),"GALATEA, sea nymph (Greek deity)",SOCIAL exchange,OCCUPATIONAL roles,,
ORGANIZATIONAL change,EMPLOYEE rules,HUMAN error,RISK,INDUSTRIAL management,PERSONNEL management,ORGANIZATIONAL behavior,INDUSTRIAL psychology,ORGANIZATIONAL research,ERROR rates,,
CREATIVE ability,TAIWANESE,EMPLOYEES,PERSONNEL management,EMPLOYEE motivation,CREATIVE ability in business,INNOVATION management,CROSS-cultural differences,,,,
GOING public (Securities),CORPORATE image,STOCKHOLDERS -- Attitudes,CAPITALISTS & financiers,MASS media,CORPORATIONS -- Investor relations,MATHEMATICAL statistics,CORPORATIONS -- Public relations,PUBLIC companies,TURNOVER (Business),,
STOCK options,GOING public (Securities),INCENTIVES in industry,OPTIONS (Finance),CORPORATIONS -- Valuation,CORPORATIONS -- Finance,EXECUTIVE compensation,CAPITALISTS & financiers,BUSINESS enterprises -- Valuation,DECISION making,,
ORGANIZATIONAL behavior,CORPORATIONS -- Finance,RESEARCH & development,INDUSTRIAL management,INNOVATIONS in business,INNOVATION management,BUSINESS planning,SHIPBUILDING industry,TECHNOLOGICAL innovations -- Economic aspects,SUCCESS in business,COMPETITIVE advantage,ORGANIZATIONAL change
LEADERSHIP,ORGANIZATIONAL behavior,CREATIVE ability in business,EMPLOYEE motivation,ORGANIZATIONAL change,WORK environment -- Psychological aspects,MANAGEMENT,EXECUTIVE ability (Management),INTRINSIC motivation,INDUSTRIAL relations,INDIVIDUAL differences,
ORGANIZATIONAL behavior,TEAMS in the workplace,INDUSTRIAL psychology,ORGANIZATIONAL effectiveness,ORGANIZATIONAL goals,ORGANIZATIONAL sociology,SOCIAL psychology,MANAGEMENT,ORGANIZATIONAL change,DIVISION of labor,INDUSTRIAL organization,WORK environment
INTERNATIONAL business enterprises -- Management,FOREIGN subsidiaries -- Management,EMPLOYEE selection,EXECUTIVES -- Recruiting,ORGANIZATIONAL sociology,ORGANIZATIONAL behavior,AGENCY theory,RESOURCE-based theory of the firm,PERSONNEL management,EMPLOYMENT in foreign countries,SUBSIDIARY corporations -- Management,HOST countries (Business)
PERSONNEL management,COMPETITIVE advantage,BUSINESS networks,INDUSTRIAL management,STRATEGIC planning,SOCIAL networks,RESOURCE management,RESOURCE-based theory of the firm,HUMAN capital -- Management,INTELLECTUAL capital,DECISION making,INDUSTRIAL efficiency
COMPENSATION management,ORGANIZATIONAL behavior,PERSONNEL management,HOSPITALS -- Administration,MANAGEMENT,FINANCIAL performance,WAGE payment systems,RESOURCE management,ORGANIZATIONAL effectiveness,INDUSTRIAL efficiency,FINANCIAL management,INDUSTRIAL management
CROSS-functional teams,TEAMS in the workplace,GROUP identity,ORGANIZATIONAL behavior,MANAGEMENT,PERFORMANCE,PERSONNEL management,COMPETITIVE advantage,ORGANIZATIONAL effectiveness,GROUP decision making,ORGANIZATIONAL structure,ORGANIZATIONAL sociology
SERVICE industries -- Management,CUSTOMER relations,INDUSTRIAL management,PRODUCTION management,STRATEGIC planning,CUSTOMER services,LABOR process,ORGANIZATIONAL behavior,DECISION making,CUSTOMER satisfaction,CUSTOMER orientation,MARKETING strategy