"Year","Sort.order","Major.arearegioncountry.of.estination","Notes","Code","Type.of.dataa.","source","population","country","latitude","longitude"
1990,1990242,"United States of America",NA,840,"B","Afghanistan",28444,"AF",33.93911,67.709953
1990,1990242,"United States of America",NA,840,"B","Albania",5627,"AL",41.153332,20.168331
1990,1990242,"United States of America",NA,840,"B","Algeria",4629,"DZ",28.033886,1.659626
1990,1990242,"United States of America",NA,840,"B","Angola",2252,"AO",-11.202692,17.873887
1990,1990242,"United States of America",NA,840,"B","Antigua and Barbuda",12022,"AG",17.060816,-61.796428
1990,1990242,"United States of America",NA,840,"B","Argentina",92563,"AR",-38.416097,-63.616672
1990,1990242,"United States of America",NA,840,"B","Armenia",41481,"AM",40.069099,45.038189
1990,1990242,"United States of America",NA,840,"B","Aruba",3363,"AW",12.52111,-69.968338
1990,1990242,"United States of America",NA,840,"B","Australia",42267,"AU",-25.274398,133.775136
1990,1990242,"United States of America",NA,840,"B","Austria",87673,"AT",47.516231,14.550072
1990,1990242,"United States of America",NA,840,"B","Azerbaijan",9026,"AZ",40.143105,47.576927
1990,1990242,"United States of America",NA,840,"B","Bahamas",21633,"BS",25.03428,-77.39628
1990,1990242,"United States of America",NA,840,"B","Bangladesh",21414,"BD",23.684994,90.356331
1990,1990242,"United States of America",NA,840,"B","Barbados",43015,"BB",13.193887,-59.543198
1990,1990242,"United States of America",NA,840,"B","Belarus",21579,"BY",53.709807,27.953389
1990,1990242,"United States of America",NA,840,"B","Belgium",34366,"BE",50.503887,4.469936
1990,1990242,"United States of America",NA,840,"B","Belize",29957,"BZ",17.189877,-88.49765
1990,1990242,"United States of America",NA,840,"B","Bermuda",7972,"BM",32.321384,-64.75737
1990,1990242,"United States of America",NA,840,"B","Bolivia",31303,"BO",-16.290154,-63.588653
1990,1990242,"United States of America",NA,840,"B","Bosnia and Herzegovina",55354,"BA",43.915886,17.679076
1990,1990242,"United States of America",NA,840,"B","Brazil",82489,"BR",-14.235004,-51.92528
1990,1990242,"United States of America",NA,840,"B","Bulgaria",8579,"BG",42.733883,25.48583
1990,1990242,"United States of America",NA,840,"B","Cape Verde",14368,"CV",16.002082,-24.013197
1990,1990242,"United States of America",NA,840,"B","Cambodia",118833,"KH",12.565679,104.990963
1990,1990242,"United States of America",NA,840,"B","Cameroon",3161,"CM",7.369722,12.354722
1990,1990242,"United States of America",NA,840,"B","Canada",744830,"CA",56.130366,-106.346771
1990,1990242,"United States of America",NA,840,"B","Chile",55681,"CL",-35.675147,-71.542969
1990,1990242,"United States of America",NA,840,"B","China",773939,"CN",35.86166,104.195397
1990,1990242,"United States of America",NA,840,"B","Hong Kong",147131,"HK",22.396428,114.109497
1990,1990242,"United States of America",NA,840,"B","Colombia",286124,"CO",4.570868,-74.297333
1990,1990242,"United States of America",NA,840,"B","Croatia",22927,"HR",45.1,15.2
1990,1990242,"United States of America",NA,840,"B","Cuba",736971,"CU",21.521757,-77.781167
1990,1990242,"United States of America",NA,840,"B","Cyprus",10060,"CY",35.126413,33.429859
1990,1990242,"United States of America",NA,840,"B","Czech Republic",87020,"CZ",49.817492,15.472962
1990,1990242,"United States of America",NA,840,"B","Congo",3387,"CD",-4.038333,21.758664
1990,1990242,"United States of America",NA,840,"B","Denmark",34999,"DK",56.26392,9.501785
1990,1990242,"United States of America",NA,840,"B","Dominica",19529,"DM",15.414999,-61.370976
1990,1990242,"United States of America",NA,840,"B","Dominican Republic",347858,"DO",18.735693,-70.162651
1990,1990242,"United States of America",NA,840,"B","Ecuador",143314,"EC",-1.831239,-78.183406
1990,1990242,"United States of America",NA,840,"B","Egypt",66313,"EG",26.820553,30.802498
1990,1990242,"United States of America",NA,840,"B","El Salvador",465433,"SV",13.794185,-88.89653
1990,1990242,"United States of America",NA,840,"B","Eritrea",11131,"ER",15.179384,39.782334
1990,1990242,"United States of America",NA,840,"B","Estonia",9210,"EE",58.595272,25.013607
1990,1990242,"United States of America",NA,840,"B","Ethiopia",34805,"ET",9.145,40.489673
1990,1990242,"United States of America",NA,840,"B","Fiji",15935,"FJ",-16.578193,179.414413
1990,1990242,"United States of America",NA,840,"B","Finland",22313,"FI",61.92411,25.748151
1990,1990242,"United States of America",NA,840,"B","France",119233,"FR",46.227638,2.213749
1990,1990242,"United States of America",NA,840,"B","Gambia",1485,"GM",13.443182,-15.310139
1990,1990242,"United States of America",NA,840,"B","Georgia",6689,"GE",42.315407,43.356892
1990,1990242,"United States of America",NA,840,"B","Germany",711929,"DE",51.165691,10.451526
1990,1990242,"United States of America",NA,840,"B","Ghana",20889,"GH",7.946527,-1.023194
1990,1990242,"United States of America",NA,840,"B","Greece",177398,"GR",39.074208,21.824312
1990,1990242,"United States of America",NA,840,"B","Grenada",17730,"GD",12.262776,-61.604171
1990,1990242,"United States of America",NA,840,"B","Guatemala",225739,"GT",15.783471,-90.230759
1990,1990242,"United States of America",NA,840,"B","Guinea",1032,"GN",9.945587,-9.696645
1990,1990242,"United States of America",NA,840,"B","Guyana",120698,"GY",4.860416,-58.93018
1990,1990242,"United States of America",NA,840,"B","Haiti",225393,"HT",18.971187,-72.285215
1990,1990242,"United States of America",NA,840,"B","Honduras",108923,"HN",15.199999,-86.241905
1990,1990242,"United States of America",NA,840,"B","Hungary",110337,"HU",47.162494,19.503304
1990,1990242,"United States of America",NA,840,"B","Iceland",5071,"IS",64.963051,-19.020835
1990,1990242,"United States of America",NA,840,"B","India",450406,"IN",20.593684,78.96288
1990,1990242,"United States of America",NA,840,"B","Indonesia",48387,"ID",-0.789275,113.921327
1990,1990242,"United States of America",NA,840,"B","Iran",210941,"IR",32.427908,53.688046
1990,1990242,"United States of America",NA,840,"B","Iraq",44916,"IQ",33.223191,43.679291
1990,1990242,"United States of America",NA,840,"B","Ireland",169827,"IE",53.41291,-8.24389
1990,1990242,"United States of America",NA,840,"B","Israel",86048,"IL",31.046051,34.851612
1990,1990242,"United States of America",NA,840,"B","Italy",580592,"IT",41.87194,12.56738
1990,1990242,"United States of America",NA,840,"B","Jamaica",334140,"JM",18.109581,-77.297508
1990,1990242,"United States of America",NA,840,"B","Japan",290128,"JP",36.204824,138.252924
1990,1990242,"United States of America",NA,840,"B","Jordan",31871,"JO",30.585164,36.238414
1990,1990242,"United States of America",NA,840,"B","Kazakhstan",5816,"KZ",48.019573,66.923684
1990,1990242,"United States of America",NA,840,"B","Kenya",14371,"KE",-0.023559,37.906193
1990,1990242,"United States of America",NA,840,"B","Kuwait",8889,"KW",29.31166,47.481766
1990,1990242,"United States of America",NA,840,"B","Kyrgyzstan",1509,"KG",41.20438,74.766098
1990,1990242,"United States of America",NA,840,"B","Laos",171577,"LA",19.85627,102.495496
1990,1990242,"United States of America",NA,840,"B","Latvia",26179,"LV",56.879635,24.603189
1990,1990242,"United States of America",NA,840,"B","Lebanon",86369,"LB",33.854721,35.862285
1990,1990242,"United States of America",NA,840,"B","Liberia",11455,"LR",6.428055,-9.429499
1990,1990242,"United States of America",NA,840,"B","Libya",4037,"LY",26.3351,17.228331
1990,1990242,"United States of America",NA,840,"B","Lithuania",29745,"LT",55.169438,23.881275
1990,1990242,"United States of America",NA,840,"B","Luxembourg",2053,"LU",49.815273,6.129583
1990,1990242,"United States of America",NA,840,"B","Malaysia",33834,"MY",4.210484,101.975766
1990,1990242,"United States of America",NA,840,"B","Malta",9614,"MT",35.937496,14.375416
1990,1990242,"United States of America",NA,840,"B","Mexico",4298014,"MX",23.634501,-102.552784
1990,1990242,"United States of America",NA,840,"B","Micronesia",2741,"FM",7.425554,150.550812
1990,1990242,"United States of America",NA,840,"B","Montserrat",3493,"MS",16.742498,-62.187366
1990,1990242,"United States of America",NA,840,"B","Morocco",15541,"MA",31.791702,-7.09262
1990,1990242,"United States of America",NA,840,"B","Nepal",2262,"NP",28.394857,84.124008
1990,1990242,"United States of America",NA,840,"B","Netherlands",96198,"NL",52.132633,5.291266
1990,1990242,"United States of America",NA,840,"B","New Zealand",15415,"NZ",-40.900557,174.885971
1990,1990242,"United States of America",NA,840,"B","Nicaragua",168659,"NI",12.865416,-85.207229
1990,1990242,"United States of America",NA,840,"B","Nigeria",55350,"NG",9.081999,8.675277
1990,1990242,"United States of America",NA,840,"B","Norway",42240,"NO",60.472024,8.468946
1990,1990242,"United States of America",NA,840,"B","Pakistan",91889,"PK",30.375321,69.345116
1990,1990242,"United States of America",NA,840,"B","Panama",85737,"PA",8.537981,-80.782127
1990,1990242,"United States of America",NA,840,"B","Paraguay",6057,"PY",-23.442503,-58.443832
1990,1990242,"United States of America",NA,840,"B","Peru",144199,"PE",-9.189967,-75.015152
1990,1990242,"United States of America",NA,840,"B","Philippines",912674,"PH",12.879721,121.774017
1990,1990242,"United States of America",NA,840,"B","Poland",388328,"PL",51.919438,19.145136
1990,1990242,"United States of America",NA,840,"B","Portugal",210122,"PT",39.399872,-8.224454
1990,1990242,"United States of America",NA,840,"B","Puerto Rico",1180383,"PR",18.220833,-66.590149
1990,1990242,"United States of America",NA,840,"B","South Korea",568397,"KR",35.907757,127.766922
1990,1990242,"United States of America",NA,840,"B","Moldova",10932,"MD",47.411631,28.369885
1990,1990242,"United States of America",NA,840,"B","Romania",91106,"RO",45.943161,24.96676
1990,1990242,"United States of America",NA,840,"B","Russia",190654,"RU",61.52401,105.318756
1990,1990242,"United States of America",NA,840,"B","Saint Kitts and Nevis",7447,"KN",17.357822,-62.782998
1990,1990242,"United States of America",NA,840,"B","Saint Lucia",6959,"LC",13.909444,-60.978893
1990,1990242,"United States of America",NA,840,"B","Saint Vincent and the Grenadines",12824,"VC",12.984305,-61.287228
1990,1990242,"United States of America",NA,840,"B","Samoa",11408,"WS",-13.759029,-172.104629
1990,1990242,"United States of America",NA,840,"B","Saudi Arabia",12632,"SA",23.885942,45.079162
1990,1990242,"United States of America",NA,840,"B","Senegal",2287,"SN",14.497401,-14.452362
1990,1990242,"United States of America",NA,840,"B","Serbia",5763,"RS",44.016521,21.005859
1990,1990242,"United States of America",NA,840,"B","Sierra Leone",7217,"SL",8.460555,-11.779889
1990,1990242,"United States of America",NA,840,"B","Singapore",12889,"SG",1.352083,103.819836
1990,1990242,"United States of America",NA,840,"B","Slovenia",3347,"SI",46.151241,14.995463
1990,1990242,"United States of America",NA,840,"B","Somalia",2437,"SO",5.152149,46.199616
1990,1990242,"United States of America",NA,840,"B","South Africa",34707,"ZA",-30.559482,22.937506
1990,1990242,"United States of America",NA,840,"B","Spain",76415,"ES",40.463667,-3.74922
1990,1990242,"United States of America",NA,840,"B","Sri Lanka",14022,"LK",7.873054,80.771797
1990,1990242,"United States of America",NA,840,"B","Palestinian Territories",21070,"PS",31.952162,35.233154
1990,1990242,"United States of America",NA,840,"B","Sudan",4423,"SD",12.862807,30.217636
1990,1990242,"United States of America",NA,840,"B","Suriname",2860,"SR",3.919305,-56.027783
1990,1990242,"United States of America",NA,840,"B","Sweden",53676,"SE",60.128161,18.643501
1990,1990242,"United States of America",NA,840,"B","Switzerland",39130,"CH",46.818188,8.227512
1990,1990242,"United States of America",NA,840,"B","Syria",36782,"SY",34.802075,38.996815
1990,1990242,"United States of America",NA,840,"B","Tajikistan",1693,"TJ",38.861034,71.276093
1990,1990242,"United States of America",NA,840,"B","Macedonia [FYROM]",10469,"MK",41.608635,21.745275
1990,1990242,"United States of America",NA,840,"B","Thailand",106919,"TH",15.870032,100.992541
1990,1990242,"United States of America",NA,840,"B","Tonga",10668,"TO",-21.178986,-175.198242
1990,1990242,"United States of America",NA,840,"B","Trinidad and Tobago",115710,"TT",10.691803,-61.222503
1990,1990242,"United States of America",NA,840,"B","Tunisia",4101,"TN",33.886917,9.537499
1990,1990242,"United States of America",NA,840,"B","Turkey",55087,"TR",38.963745,35.243322
1990,1990242,"United States of America",NA,840,"B","Turkmenistan",569,"TM",38.969719,59.556278
1990,1990242,"United States of America",NA,840,"B","Uganda",6684,"UG",1.373333,32.290275
1990,1990242,"United States of America",NA,840,"B","Ukraine",154211,"UA",48.379433,31.16558
1990,1990242,"United States of America",NA,840,"B","United Arab Emirates",1656,"AE",23.424076,53.847818
1990,1990242,"United States of America",NA,840,"B","United Kingdom",640145,"GB",55.378051,-3.435973
1990,1990242,"United States of America",NA,840,"B","Tanzania",6282,"TZ",-6.369028,34.888822
1990,1990242,"United States of America",NA,840,"B","Uruguay",20766,"UY",-32.522779,-55.765835
1990,1990242,"United States of America",NA,840,"B","Uzbekistan",14633,"UZ",41.377491,64.585262
1990,1990242,"United States of America",NA,840,"B","Venezuela",42119,"VE",6.42375,-66.58973
1990,1990242,"United States of America",NA,840,"B","Vietnam",543262,"VN",14.058324,108.277199
1990,1990242,"United States of America",NA,840,"B","Yemen",4933,"YE",15.552727,48.516388
1990,1990242,"United States of America",NA,840,"B","Zambia",2954,"ZM",-13.133897,27.849332
1990,1990242,"United States of America",NA,840,"B","Zimbabwe",4767,"ZW",-19.015438,29.154857
1995,1995242,"United States of America",NA,840,"B","Afghanistan",37312,"AF",33.93911,67.709953
1995,1995242,"United States of America",NA,840,"B","Albania",22440,"AL",41.153332,20.168331
1995,1995242,"United States of America",NA,840,"B","Algeria",7859,"DZ",28.033886,1.659626
1995,1995242,"United States of America",NA,840,"B","Angola",3352,"AO",-11.202692,17.873887
1995,1995242,"United States of America",NA,840,"B","Antigua and Barbuda",15376,"AG",17.060816,-61.796428
1995,1995242,"United States of America",NA,840,"B","Argentina",110347,"AR",-38.416097,-63.616672
1995,1995242,"United States of America",NA,840,"B","Armenia",54094,"AM",40.069099,45.038189
1995,1995242,"United States of America",NA,840,"B","Aruba",3635,"AW",12.52111,-69.968338
1995,1995242,"United States of America",NA,840,"B","Australia",52306,"AU",-25.274398,133.775136
1995,1995242,"United States of America",NA,840,"B","Austria",76673,"AT",47.516231,14.550072
1995,1995242,"United States of America",NA,840,"B","Azerbaijan",11770,"AZ",40.143105,47.576927
1995,1995242,"United States of America",NA,840,"B","Bahamas",25186,"BS",25.03428,-77.39628
1995,1995242,"United States of America",NA,840,"B","Bangladesh",59134,"BD",23.684994,90.356331
1995,1995242,"United States of America",NA,840,"B","Barbados",48230,"BB",13.193887,-59.543198
1995,1995242,"United States of America",NA,840,"B","Belarus",30442,"BY",53.709807,27.953389
1995,1995242,"United States of America",NA,840,"B","Belgium",34586,"BE",50.503887,4.469936
1995,1995242,"United States of America",NA,840,"B","Belize",35522,"BZ",17.189877,-88.49765
1995,1995242,"United States of America",NA,840,"B","Bermuda",8284,"BM",32.321384,-64.75737
1995,1995242,"United States of America",NA,840,"B","Bolivia",42856,"BO",-16.290154,-63.588653
1995,1995242,"United States of America",NA,840,"B","Bosnia and Herzegovina",78090,"BA",43.915886,17.679076
1995,1995242,"United States of America",NA,840,"B","Brazil",149432,"BR",-14.235004,-51.92528
1995,1995242,"United States of America",NA,840,"B","Bulgaria",22126,"BG",42.733883,25.48583
1995,1995242,"United States of America",NA,840,"B","Cape Verde",20760,"CV",16.002082,-24.013197
1995,1995242,"United States of America",NA,840,"B","Cambodia",129616,"KH",12.565679,104.990963
1995,1995242,"United States of America",NA,840,"B","Cameroon",7562,"CM",7.369722,12.354722
1995,1995242,"United States of America",NA,840,"B","Canada",793278,"CA",56.130366,-106.346771
1995,1995242,"United States of America",NA,840,"B","Chile",69155,"CL",-35.675147,-71.542969
1995,1995242,"United States of America",NA,840,"B","China",1058487,"CN",35.86166,104.195397
1995,1995242,"United States of America",NA,840,"B","Hong Kong",177702,"HK",22.396428,114.109497
1995,1995242,"United States of America",NA,840,"B","Colombia",403325,"CO",4.570868,-74.297333
1995,1995242,"United States of America",NA,840,"B","Croatia",32344,"HR",45.1,15.2
1995,1995242,"United States of America",NA,840,"B","Cuba",815617,"CU",21.521757,-77.781167
1995,1995242,"United States of America",NA,840,"B","Cyprus",10714,"CY",35.126413,33.429859
1995,1995242,"United States of America",NA,840,"B","Czech Republic",86188,"CZ",49.817492,15.472962
1995,1995242,"United States of America",NA,840,"B","Congo",4243,"CD",-4.038333,21.758664
1995,1995242,"United States of America",NA,840,"B","Denmark",33654,"DK",56.26392,9.501785
1995,1995242,"United States of America",NA,840,"B","Dominica",17818,"DM",15.414999,-61.370976
1995,1995242,"United States of America",NA,840,"B","Dominican Republic",524698,"DO",18.735693,-70.162651
1995,1995242,"United States of America",NA,840,"B","Ecuador",223927,"EC",-1.831239,-78.183406
1995,1995242,"United States of America",NA,840,"B","Egypt",91056,"EG",26.820553,30.802498
1995,1995242,"United States of America",NA,840,"B","El Salvador",649970,"SV",13.794185,-88.89653
1995,1995242,"United States of America",NA,840,"B","Eritrea",14515,"ER",15.179384,39.782334
1995,1995242,"United States of America",NA,840,"B","Estonia",9624,"EE",58.595272,25.013607
1995,1995242,"United States of America",NA,840,"B","Ethiopia",52866,"ET",9.145,40.489673
1995,1995242,"United States of America",NA,840,"B","Fiji",23725,"FJ",-16.578193,179.414413
1995,1995242,"United States of America",NA,840,"B","Finland",22152,"FI",61.92411,25.748151
1995,1995242,"United States of America",NA,840,"B","France",137002,"FR",46.227638,2.213749
1995,1995242,"United States of America",NA,840,"B","Gambia",3673,"GM",13.443182,-15.310139
1995,1995242,"United States of America",NA,840,"B","Georgia",8723,"GE",42.315407,43.356892
1995,1995242,"United States of America",NA,840,"B","Germany",718811,"DE",51.165691,10.451526
1995,1995242,"United States of America",NA,840,"B","Ghana",43808,"GH",7.946527,-1.023194
1995,1995242,"United States of America",NA,840,"B","Greece",173870,"GR",39.074208,21.824312
1995,1995242,"United States of America",NA,840,"B","Grenada",23815,"GD",12.262776,-61.604171
1995,1995242,"United States of America",NA,840,"B","Guatemala",357929,"GT",15.783471,-90.230759
1995,1995242,"United States of America",NA,840,"B","Guinea",3086,"GN",9.945587,-9.696645
1995,1995242,"United States of America",NA,840,"B","Guyana",168164,"GY",4.860416,-58.93018
1995,1995242,"United States of America",NA,840,"B","Haiti",326669,"HT",18.971187,-72.285215
1995,1995242,"United States of America",NA,840,"B","Honduras",198509,"HN",15.199999,-86.241905
1995,1995242,"United States of America",NA,840,"B","Hungary",102530,"HU",47.162494,19.503304
1995,1995242,"United States of America",NA,840,"B","Iceland",5382,"IS",64.963051,-19.020835
1995,1995242,"United States of America",NA,840,"B","India",746337,"IN",20.593684,78.96288
1995,1995242,"United States of America",NA,840,"B","Indonesia",61278,"ID",-0.789275,113.921327
1995,1995242,"United States of America",NA,840,"B","Iran",250390,"IR",32.427908,53.688046
1995,1995242,"United States of America",NA,840,"B","Iraq",68305,"IQ",33.223191,43.679291
1995,1995242,"United States of America",NA,840,"B","Ireland",165333,"IE",53.41291,-8.24389
1995,1995242,"United States of America",NA,840,"B","Israel",99193,"IL",31.046051,34.851612
1995,1995242,"United States of America",NA,840,"B","Italy",534018,"IT",41.87194,12.56738
1995,1995242,"United States of America",NA,840,"B","Jamaica",449926,"JM",18.109581,-77.297508
1995,1995242,"United States of America",NA,840,"B","Japan",323100,"JP",36.204824,138.252924
1995,1995242,"United States of America",NA,840,"B","Jordan",39858,"JO",30.585164,36.238414
1995,1995242,"United States of America",NA,840,"B","Kazakhstan",7585,"KZ",48.019573,66.923684
1995,1995242,"United States of America",NA,840,"B","Kenya",27894,"KE",-0.023559,37.906193
1995,1995242,"United States of America",NA,840,"B","Kuwait",14823,"KW",29.31166,47.481766
1995,1995242,"United States of America",NA,840,"B","Kyrgyzstan",1967,"KG",41.20438,74.766098
1995,1995242,"United States of America",NA,840,"B","Laos",190445,"LA",19.85627,102.495496
1995,1995242,"United States of America",NA,840,"B","Latvia",27062,"LV",56.879635,24.603189
1995,1995242,"United States of America",NA,840,"B","Lebanon",97425,"LB",33.854721,35.862285
1995,1995242,"United States of America",NA,840,"B","Liberia",25579,"LR",6.428055,-9.429499
1995,1995242,"United States of America",NA,840,"B","Libya",4763,"LY",26.3351,17.228331
1995,1995242,"United States of America",NA,840,"B","Lithuania",29506,"LT",55.169438,23.881275
1995,1995242,"United States of America",NA,840,"B","Luxembourg",2129,"LU",49.815273,6.129583
1995,1995242,"United States of America",NA,840,"B","Malaysia",42203,"MY",4.210484,101.975766
1995,1995242,"United States of America",NA,840,"B","Malta",9207,"MT",35.937496,14.375416
1995,1995242,"United States of America",NA,840,"B","Mexico",6827945,"MX",23.634501,-102.552784
1995,1995242,"United States of America",NA,840,"B","Micronesia",4980,"FM",7.425554,150.550812
1995,1995242,"United States of America",NA,840,"B","Montserrat",3747,"MS",16.742498,-62.187366
1995,1995242,"United States of America",NA,840,"B","Morocco",25447,"MA",31.791702,-7.09262
1995,1995242,"United States of America",NA,840,"B","Nepal",7081,"NP",28.394857,84.124008
1995,1995242,"United States of America",NA,840,"B","Netherlands",96660,"NL",52.132633,5.291266
1995,1995242,"United States of America",NA,840,"B","New Zealand",19399,"NZ",-40.900557,174.885971
1995,1995242,"United States of America",NA,840,"B","Nicaragua",197100,"NI",12.865416,-85.207229
1995,1995242,"United States of America",NA,840,"B","Nigeria",96418,"NG",9.081999,8.675277
1995,1995242,"United States of America",NA,840,"B","Norway",37720,"NO",60.472024,8.468946
1995,1995242,"United States of America",NA,840,"B","Pakistan",159793,"PK",30.375321,69.345116
1995,1995242,"United States of America",NA,840,"B","Panama",96734,"PA",8.537981,-80.782127
1995,1995242,"United States of America",NA,840,"B","Paraguay",9138,"PY",-23.442503,-58.443832
1995,1995242,"United States of America",NA,840,"B","Peru",214019,"PE",-9.189967,-75.015152
1995,1995242,"United States of America",NA,840,"B","Philippines",1156143,"PH",12.879721,121.774017
1995,1995242,"United States of America",NA,840,"B","Poland",433257,"PL",51.919438,19.145136
1995,1995242,"United States of America",NA,840,"B","Portugal",209386,"PT",39.399872,-8.224454
1995,1995242,"United States of America",NA,840,"B","Puerto Rico",1384103,"PR",18.220833,-66.590149
1995,1995242,"United States of America",NA,840,"B","South Korea",725849,"KR",35.907757,127.766922
1995,1995242,"United States of America",NA,840,"B","Moldova",15422,"MD",47.411631,28.369885
1995,1995242,"United States of America",NA,840,"B","Romania",115055,"RO",45.943161,24.96676
1995,1995242,"United States of America",NA,840,"B","Russia",268967,"RU",61.52401,105.318756
1995,1995242,"United States of America",NA,840,"B","Saint Kitts and Nevis",9374,"KN",17.357822,-62.782998
1995,1995242,"United States of America",NA,840,"B","Saint Lucia",10378,"LC",13.909444,-60.978893
1995,1995242,"United States of America",NA,840,"B","Saint Vincent and the Grenadines",16623,"VC",12.984305,-61.287228
1995,1995242,"United States of America",NA,840,"B","Samoa",14109,"WS",-13.759029,-172.104629
1995,1995242,"United States of America",NA,840,"B","Saudi Arabia",17082,"SA",23.885942,45.079162
1995,1995242,"United States of America",NA,840,"B","Senegal",6496,"SN",14.497401,-14.452362
1995,1995242,"United States of America",NA,840,"B","Serbia",8130,"RS",44.016521,21.005859
1995,1995242,"United States of America",NA,840,"B","Sierra Leone",14211,"SL",8.460555,-11.779889
1995,1995242,"United States of America",NA,840,"B","Singapore",17050,"SG",1.352083,103.819836
1995,1995242,"United States of America",NA,840,"B","Slovenia",4721,"SI",46.151241,14.995463
1995,1995242,"United States of America",NA,840,"B","Somalia",19353,"SO",5.152149,46.199616
1995,1995242,"United States of America",NA,840,"B","South Africa",49789,"ZA",-30.559482,22.937506
1995,1995242,"United States of America",NA,840,"B","Spain",80702,"ES",40.463667,-3.74922
1995,1995242,"United States of America",NA,840,"B","Sri Lanka",19905,"LK",7.873054,80.771797
1995,1995242,"United States of America",NA,840,"B","Palestinian Territories",23377,"PS",31.952162,35.233154
1995,1995242,"United States of America",NA,840,"B","Sudan",12268,"SD",12.862807,30.217636
1995,1995242,"United States of America",NA,840,"B","Suriname",4274,"SR",3.919305,-56.027783
1995,1995242,"United States of America",NA,840,"B","Sweden",52391,"SE",60.128161,18.643501
1995,1995242,"United States of America",NA,840,"B","Switzerland",41667,"CH",46.818188,8.227512
1995,1995242,"United States of America",NA,840,"B","Syria",46282,"SY",34.802075,38.996815
1995,1995242,"United States of America",NA,840,"B","Tajikistan",2207,"TJ",38.861034,71.276093
1995,1995242,"United States of America",NA,840,"B","Macedonia [FYROM]",14768,"MK",41.608635,21.745275
1995,1995242,"United States of America",NA,840,"B","Thailand",140211,"TH",15.870032,100.992541
1995,1995242,"United States of America",NA,840,"B","Tonga",14154,"TO",-21.178986,-175.198242
1995,1995242,"United States of America",NA,840,"B","Trinidad and Tobago",158649,"TT",10.691803,-61.222503
1995,1995242,"United States of America",NA,840,"B","Tunisia",5285,"TN",33.886917,9.537499
1995,1995242,"United States of America",NA,840,"B","Turkey",67624,"TR",38.963745,35.243322
1995,1995242,"United States of America",NA,840,"B","Turkmenistan",741,"TM",38.969719,59.556278
1995,1995242,"United States of America",NA,840,"B","Uganda",9334,"UG",1.373333,32.290275
1995,1995242,"United States of America",NA,840,"B","Ukraine",217555,"UA",48.379433,31.16558
1995,1995242,"United States of America",NA,840,"B","United Arab Emirates",4255,"AE",23.424076,53.847818
1995,1995242,"United States of America",NA,840,"B","United Kingdom",667769,"GB",55.378051,-3.435973
1995,1995242,"United States of America",NA,840,"B","Tanzania",8953,"TZ",-6.369028,34.888822
1995,1995242,"United States of America",NA,840,"B","Uruguay",23208,"UY",-32.522779,-55.765835
1995,1995242,"United States of America",NA,840,"B","Uzbekistan",19082,"UZ",41.377491,64.585262
1995,1995242,"United States of America",NA,840,"B","Venezuela",75572,"VE",6.42375,-66.58973
1995,1995242,"United States of America",NA,840,"B","Vietnam",775967,"VN",14.058324,108.277199
1995,1995242,"United States of America",NA,840,"B","Yemen",12232,"YE",15.552727,48.516388
1995,1995242,"United States of America",NA,840,"B","Zambia",4529,"ZM",-13.133897,27.849332
1995,1995242,"United States of America",NA,840,"B","Zimbabwe",7829,"ZW",-19.015438,29.154857
2000,2000242,"United States of America",NA,840,"B","Afghanistan",46342,"AF",33.93911,67.709953
2000,2000242,"United States of America",NA,840,"B","Albania",39644,"AL",41.153332,20.168331
2000,2000242,"United States of America",NA,840,"B","Algeria",11158,"DZ",28.033886,1.659626
2000,2000242,"United States of America",NA,840,"B","Angola",4475,"AO",-11.202692,17.873887
2000,2000242,"United States of America",NA,840,"B","Antigua and Barbuda",18789,"AG",17.060816,-61.796428
2000,2000242,"United States of America",NA,840,"B","Argentina",128397,"AR",-38.416097,-63.616672
2000,2000242,"United States of America",NA,840,"B","Armenia",66937,"AM",40.069099,45.038189
2000,2000242,"United States of America",NA,840,"B","Aruba",3910,"AW",12.52111,-69.968338
2000,2000242,"United States of America",NA,840,"B","Australia",62513,"AU",-25.274398,133.775136
2000,2000242,"United States of America",NA,840,"B","Austria",65264,"AT",47.516231,14.550072
2000,2000242,"United States of America",NA,840,"B","Azerbaijan",14565,"AZ",40.143105,47.576927
2000,2000242,"United States of America",NA,840,"B","Bahamas",28788,"BS",25.03428,-77.39628
2000,2000242,"United States of America",NA,840,"B","Bangladesh",97713,"BD",23.684994,90.356331
2000,2000242,"United States of America",NA,840,"B","Barbados",53496,"BB",13.193887,-59.543198
2000,2000242,"United States of America",NA,840,"B","Belarus",39480,"BY",53.709807,27.953389
2000,2000242,"United States of America",NA,840,"B","Belgium",34755,"BE",50.503887,4.469936
2000,2000242,"United States of America",NA,840,"B","Belize",41170,"BZ",17.189877,-88.49765
2000,2000242,"United States of America",NA,840,"B","Bermuda",8591,"BM",32.321384,-64.75737
2000,2000242,"United States of America",NA,840,"B","Bolivia",54630,"BO",-16.290154,-63.588653
2000,2000242,"United States of America",NA,840,"B","Bosnia and Herzegovina",101273,"BA",43.915886,17.679076
2000,2000242,"United States of America",NA,840,"B","Brazil",217822,"BR",-14.235004,-51.92528
2000,2000242,"United States of America",NA,840,"B","Bulgaria",35981,"BG",42.733883,25.48583
2000,2000242,"United States of America",NA,840,"B","Cape Verde",27281,"CV",16.002082,-24.013197
2000,2000242,"United States of America",NA,840,"B","Cambodia",140456,"KH",12.565679,104.990963
2000,2000242,"United States of America",NA,840,"B","Cameroon",12063,"CM",7.369722,12.354722
2000,2000242,"United States of America",NA,840,"B","Canada",841612,"CA",56.130366,-106.346771
2000,2000242,"United States of America",NA,840,"B","Chile",82855,"CL",-35.675147,-71.542969
2000,2000242,"United States of America",NA,840,"B","China",1348465,"CN",35.86166,104.195397
2000,2000242,"United States of America",NA,840,"B","Hong Kong",208749,"HK",22.396428,114.109497
2000,2000242,"United States of America",NA,840,"B","Colombia",522819,"CO",4.570868,-74.297333
2000,2000242,"United States of America",NA,840,"B","Croatia",41946,"HR",45.1,15.2
2000,2000242,"United States of America",NA,840,"B","Cuba",894876,"CU",21.521757,-77.781167
2000,2000242,"United States of America",NA,840,"B","Cyprus",11368,"CY",35.126413,33.429859
2000,2000242,"United States of America",NA,840,"B","Czech Republic",85190,"CZ",49.817492,15.472962
2000,2000242,"United States of America",NA,840,"B","Congo",5115,"CD",-4.038333,21.758664
2000,2000242,"United States of America",NA,840,"B","Denmark",32219,"DK",56.26392,9.501785
2000,2000242,"United States of America",NA,840,"B","Dominica",16036,"DM",15.414999,-61.370976
2000,2000242,"United States of America",NA,840,"B","Dominican Republic",705139,"DO",18.735693,-70.162651
2000,2000242,"United States of America",NA,840,"B","Ecuador",306208,"EC",-1.831239,-78.183406
2000,2000242,"United States of America",NA,840,"B","Egypt",116275,"EG",26.820553,30.802498
2000,2000242,"United States of America",NA,840,"B","El Salvador",838090,"SV",13.794185,-88.89653
2000,2000242,"United States of America",NA,840,"B","Eritrea",17962,"ER",15.179384,39.782334
2000,2000242,"United States of America",NA,840,"B","Estonia",10033,"EE",58.595272,25.013607
2000,2000242,"United States of America",NA,840,"B","Ethiopia",71296,"ET",9.145,40.489673
2000,2000242,"United States of America",NA,840,"B","Fiji",31674,"FJ",-16.578193,179.414413
2000,2000242,"United States of America",NA,840,"B","Finland",21951,"FI",61.92411,25.748151
2000,2000242,"United States of America",NA,840,"B","France",154992,"FR",46.227638,2.213749
2000,2000242,"United States of America",NA,840,"B","Gambia",5911,"GM",13.443182,-15.310139
2000,2000242,"United States of America",NA,840,"B","Georgia",10795,"GE",42.315407,43.356892
2000,2000242,"United States of America",NA,840,"B","Germany",724649,"DE",51.165691,10.451526
2000,2000242,"United States of America",NA,840,"B","Ghana",67237,"GH",7.946527,-1.023194
2000,2000242,"United States of America",NA,840,"B","Greece",169958,"GR",39.074208,21.824312
2000,2000242,"United States of America",NA,840,"B","Grenada",30015,"GD",12.262776,-61.604171
2000,2000242,"United States of America",NA,840,"B","Guatemala",492870,"GT",15.783471,-90.230759
2000,2000242,"United States of America",NA,840,"B","Guinea",5190,"GN",9.945587,-9.696645
2000,2000242,"United States of America",NA,840,"B","Guyana",216551,"GY",4.860416,-58.93018
2000,2000242,"United States of America",NA,840,"B","Haiti",429964,"HT",18.971187,-72.285215
2000,2000242,"United States of America",NA,840,"B","Honduras",290034,"HN",15.199999,-86.241905
2000,2000242,"United States of America",NA,840,"B","Hungary",94353,"HU",47.162494,19.503304
2000,2000242,"United States of America",NA,840,"B","Iceland",5694,"IS",64.963051,-19.020835
2000,2000242,"United States of America",NA,840,"B","India",1048517,"IN",20.593684,78.96288
2000,2000242,"United States of America",NA,840,"B","Indonesia",74394,"ID",-0.789275,113.921327
2000,2000242,"United States of America",NA,840,"B","Iran",290417,"IR",32.427908,53.688046
2000,2000242,"United States of America",NA,840,"B","Iraq",92174,"IQ",33.223191,43.679291
2000,2000242,"United States of America",NA,840,"B","Ireland",160447,"IE",53.41291,-8.24389
2000,2000242,"United States of America",NA,840,"B","Israel",112505,"IL",31.046051,34.851612
2000,2000242,"United States of America",NA,840,"B","Italy",485357,"IT",41.87194,12.56738
2000,2000242,"United States of America",NA,840,"B","Jamaica",567890,"JM",18.109581,-77.297508
2000,2000242,"United States of America",NA,840,"B","Japan",356364,"JP",36.204824,138.252924
2000,2000242,"United States of America",NA,840,"B","Jordan",47982,"JO",30.585164,36.238414
2000,2000242,"United States of America",NA,840,"B","Kazakhstan",9386,"KZ",48.019573,66.923684
2000,2000242,"United States of America",NA,840,"B","Kenya",41715,"KE",-0.023559,37.906193
2000,2000242,"United States of America",NA,840,"B","Kuwait",20884,"KW",29.31166,47.481766
2000,2000242,"United States of America",NA,840,"B","Kyrgyzstan",2436,"KG",41.20438,74.766098
2000,2000242,"United States of America",NA,840,"B","Laos",209471,"LA",19.85627,102.495496
2000,2000242,"United States of America",NA,840,"B","Latvia",27923,"LV",56.879635,24.603189
2000,2000242,"United States of America",NA,840,"B","Lebanon",108599,"LB",33.854721,35.862285
2000,2000242,"United States of America",NA,840,"B","Liberia",40020,"LR",6.428055,-9.429499
2000,2000242,"United States of America",NA,840,"B","Libya",5500,"LY",26.3351,17.228331
2000,2000242,"United States of America",NA,840,"B","Lithuania",29213,"LT",55.169438,23.881275
2000,2000242,"United States of America",NA,840,"B","Luxembourg",2204,"LU",49.815273,6.129583
2000,2000242,"United States of America",NA,840,"B","Malaysia",50714,"MY",4.210484,101.975766
2000,2000242,"United States of America",NA,840,"B","Malta",8777,"MT",35.937496,14.375416
2000,2000242,"United States of America",NA,840,"B","Mexico",9410529,"MX",23.634501,-102.552784
2000,2000242,"United States of America",NA,840,"B","Micronesia",7267,"FM",7.425554,150.550812
2000,2000242,"United States of America",NA,840,"B","Montserrat",4004,"MS",16.742498,-62.187366
2000,2000242,"United States of America",NA,840,"B","Morocco",35562,"MA",31.791702,-7.09262
2000,2000242,"United States of America",NA,840,"B","Nepal",12012,"NP",28.394857,84.124008
2000,2000242,"United States of America",NA,840,"B","Netherlands",96971,"NL",52.132633,5.291266
2000,2000242,"United States of America",NA,840,"B","New Zealand",23452,"NZ",-40.900557,174.885971
2000,2000242,"United States of America",NA,840,"B","Nicaragua",225929,"NI",12.865416,-85.207229
2000,2000242,"United States of America",NA,840,"B","Nigeria",138366,"NG",9.081999,8.675277
2000,2000242,"United States of America",NA,840,"B","Norway",33024,"NO",60.472024,8.468946
2000,2000242,"United States of America",NA,840,"B","Pakistan",229151,"PK",30.375321,69.345116
2000,2000242,"United States of America",NA,840,"B","Panama",107847,"PA",8.537981,-80.782127
2000,2000242,"United States of America",NA,840,"B","Paraguay",12284,"PY",-23.442503,-58.443832
2000,2000242,"United States of America",NA,840,"B","Peru",285249,"PE",-9.189967,-75.015152
2000,2000242,"United States of America",NA,840,"B","Philippines",1403834,"PH",12.879721,121.774017
2000,2000242,"United States of America",NA,840,"B","Poland",478593,"PL",51.919438,19.145136
2000,2000242,"United States of America",NA,840,"B","Portugal",208276,"PT",39.399872,-8.224454
2000,2000242,"United States of America",NA,840,"B","Puerto Rico",1576432,"PR",18.220833,-66.590149
2000,2000242,"United States of America",NA,840,"B","South Korea",886067,"KR",35.907757,127.766922
2000,2000242,"United States of America",NA,840,"B","Moldova",20002,"MD",47.411631,28.369885
2000,2000242,"United States of America",NA,840,"B","Romania",139418,"RO",45.943161,24.96676
2000,2000242,"United States of America",NA,840,"B","Russia",348815,"RU",61.52401,105.318756
2000,2000242,"United States of America",NA,840,"B","Saint Kitts and Nevis",11334,"KN",17.357822,-62.782998
2000,2000242,"United States of America",NA,840,"B","Saint Lucia",13867,"LC",13.909444,-60.978893
2000,2000242,"United States of America",NA,840,"B","Saint Vincent and the Grenadines",20491,"VC",12.984305,-61.287228
2000,2000242,"United States of America",NA,840,"B","Samoa",16855,"WS",-13.759029,-172.104629
2000,2000242,"United States of America",NA,840,"B","Saudi Arabia",21618,"SA",23.885942,45.079162
2000,2000242,"United States of America",NA,840,"B","Senegal",10801,"SN",14.497401,-14.452362
2000,2000242,"United States of America",NA,840,"B","Serbia",10545,"RS",44.016521,21.005859
2000,2000242,"United States of America",NA,840,"B","Sierra Leone",21359,"SL",8.460555,-11.779889
2000,2000242,"United States of America",NA,840,"B","Singapore",21289,"SG",1.352083,103.819836
2000,2000242,"United States of America",NA,840,"B","Slovenia",6124,"SI",46.151241,14.995463
2000,2000242,"United States of America",NA,840,"B","Somalia",36668,"SO",5.152149,46.199616
2000,2000242,"United States of America",NA,840,"B","South Africa",65171,"ZA",-30.559482,22.937506
2000,2000242,"United States of America",NA,840,"B","Spain",84962,"ES",40.463667,-3.74922
2000,2000242,"United States of America",NA,840,"B","Sri Lanka",25904,"LK",7.873054,80.771797
2000,2000242,"United States of America",NA,840,"B","Palestinian Territories",25706,"PS",31.952162,35.233154
2000,2000242,"United States of America",NA,840,"B","Sudan",20292,"SD",12.862807,30.217636
2000,2000242,"United States of America",NA,840,"B","Suriname",5720,"SR",3.919305,-56.027783
2000,2000242,"United States of America",NA,840,"B","Sweden",50986,"SE",60.128161,18.643501
2000,2000242,"United States of America",NA,840,"B","Switzerland",44200,"CH",46.818188,8.227512
2000,2000242,"United States of America",NA,840,"B","Syria",55946,"SY",34.802075,38.996815
2000,2000242,"United States of America",NA,840,"B","Tajikistan",2732,"TJ",38.861034,71.276093
2000,2000242,"United States of America",NA,840,"B","Macedonia [FYROM]",19154,"MK",41.608635,21.745275
2000,2000242,"United States of America",NA,840,"B","Thailand",174112,"TH",15.870032,100.992541
2000,2000242,"United States of America",NA,840,"B","Tonga",17707,"TO",-21.178986,-175.198242
2000,2000242,"United States of America",NA,840,"B","Trinidad and Tobago",202410,"TT",10.691803,-61.222503
2000,2000242,"United States of America",NA,840,"B","Tunisia",6490,"TN",33.886917,9.537499
2000,2000242,"United States of America",NA,840,"B","Turkey",80368,"TR",38.963745,35.243322
2000,2000242,"United States of America",NA,840,"B","Turkmenistan",918,"TM",38.969719,59.556278
2000,2000242,"United States of America",NA,840,"B","Uganda",12039,"UG",1.373333,32.290275
2000,2000242,"United States of America",NA,840,"B","Ukraine",282139,"UA",48.379433,31.16558
2000,2000242,"United States of America",NA,840,"B","United Arab Emirates",6915,"AE",23.424076,53.847818
2000,2000242,"United States of America",NA,840,"B","United Kingdom",694961,"GB",55.378051,-3.435973
2000,2000242,"United States of America",NA,840,"B","Tanzania",11678,"TZ",-6.369028,34.888822
2000,2000242,"United States of America",NA,840,"B","Uruguay",25673,"UY",-32.522779,-55.765835
2000,2000242,"United States of America",NA,840,"B","Uzbekistan",23613,"UZ",41.377491,64.585262
2000,2000242,"United States of America",NA,840,"B","Venezuela",109748,"VE",6.42375,-66.58973
2000,2000242,"United States of America",NA,840,"B","Vietnam",1013266,"VN",14.058324,108.277199
2000,2000242,"United States of America",NA,840,"B","Yemen",19697,"YE",15.552727,48.516388
2000,2000242,"United States of America",NA,840,"B","Zambia",6139,"ZM",-13.133897,27.849332
2000,2000242,"United States of America",NA,840,"B","Zimbabwe",10957,"ZW",-19.015438,29.154857
2005,2005242,"United States of America",NA,840,"B","Afghanistan",51965,"AF",33.93911,67.709953
2005,2005242,"United States of America",NA,840,"B","Albania",54825,"AL",41.153332,20.168331
2005,2005242,"United States of America",NA,840,"B","Algeria",12680,"DZ",28.033886,1.659626
2005,2005242,"United States of America",NA,840,"B","Angola",7294,"AO",-11.202692,17.873887
2005,2005242,"United States of America",NA,840,"B","Antigua and Barbuda",22450,"AG",17.060816,-61.796428
2005,2005242,"United States of America",NA,840,"B","Argentina",152739,"AR",-38.416097,-63.616672
2005,2005242,"United States of America",NA,840,"B","Armenia",68588,"AM",40.069099,45.038189
2005,2005242,"United States of America",NA,840,"B","Aruba",4673,"AW",12.52111,-69.968338
2005,2005242,"United States of America",NA,840,"B","Australia",67499,"AU",-25.274398,133.775136
2005,2005242,"United States of America",NA,840,"B","Austria",59792,"AT",47.516231,14.550072
2005,2005242,"United States of America",NA,840,"B","Azerbaijan",15759,"AZ",40.143105,47.576927
2005,2005242,"United States of America",NA,840,"B","Bahamas",29086,"BS",25.03428,-77.39628
2005,2005242,"United States of America",NA,840,"B","Bangladesh",126308,"BD",23.684994,90.356331
2005,2005242,"United States of America",NA,840,"B","Barbados",53672,"BB",13.193887,-59.543198
2005,2005242,"United States of America",NA,840,"B","Belarus",47057,"BY",53.709807,27.953389
2005,2005242,"United States of America",NA,840,"B","Belgium",34287,"BE",50.503887,4.469936
2005,2005242,"United States of America",NA,840,"B","Belize",44349,"BZ",17.189877,-88.49765
2005,2005242,"United States of America",NA,840,"B","Bermuda",8425,"BM",32.321384,-64.75737
2005,2005242,"United States of America",NA,840,"B","Bolivia",66661,"BO",-16.290154,-63.588653
2005,2005242,"United States of America",NA,840,"B","Bosnia and Herzegovina",109203,"BA",43.915886,17.679076
2005,2005242,"United States of America",NA,840,"B","Brazil",280274,"BR",-14.235004,-51.92528
2005,2005242,"United States of America",NA,840,"B","Bulgaria",48219,"BG",42.733883,25.48583
2005,2005242,"United States of America",NA,840,"B","Cape Verde",30020,"CV",16.002082,-24.013197
2005,2005242,"United States of America",NA,840,"B","Cambodia",147478,"KH",12.565679,104.990963
2005,2005242,"United States of America",NA,840,"B","Cameroon",20699,"CM",7.369722,12.354722
2005,2005242,"United States of America",NA,840,"B","Canada",842344,"CA",56.130366,-106.346771
2005,2005242,"United States of America",NA,840,"B","Chile",87860,"CL",-35.675147,-71.542969
2005,2005242,"United States of America",NA,840,"B","China",1607654,"CN",35.86166,104.195397
2005,2005242,"United States of America",NA,840,"B","Hong Kong",216351,"HK",22.396428,114.109497
2005,2005242,"United States of America",NA,840,"B","Colombia",580965,"CO",4.570868,-74.297333
2005,2005242,"United States of America",NA,840,"B","Croatia",43372,"HR",45.1,15.2
2005,2005242,"United States of America",NA,840,"B","Cuba",959480,"CU",21.521757,-77.781167
2005,2005242,"United States of America",NA,840,"B","Cyprus",13569,"CY",35.126413,33.429859
2005,2005242,"United States of America",NA,840,"B","Czech Republic",79662,"CZ",49.817492,15.472962
2005,2005242,"United States of America",NA,840,"B","Congo",12195,"CD",-4.038333,21.758664
2005,2005242,"United States of America",NA,840,"B","Denmark",31350,"DK",56.26392,9.501785
2005,2005242,"United States of America",NA,840,"B","Dominica",25276,"DM",15.414999,-61.370976
2005,2005242,"United States of America",NA,840,"B","Dominican Republic",761989,"DO",18.735693,-70.162651
2005,2005242,"United States of America",NA,840,"B","Ecuador",364358,"EC",-1.831239,-78.183406
2005,2005242,"United States of America",NA,840,"B","Egypt",124709,"EG",26.820553,30.802498
2005,2005242,"United States of America",NA,840,"B","El Salvador",997858,"SV",13.794185,-88.89653
2005,2005242,"United States of America",NA,840,"B","Eritrea",20907,"ER",15.179384,39.782334
2005,2005242,"United States of America",NA,840,"B","Estonia",10073,"EE",58.595272,25.013607
2005,2005242,"United States of America",NA,840,"B","Ethiopia",109858,"ET",9.145,40.489673
2005,2005242,"United States of America",NA,840,"B","Fiji",35708,"FJ",-16.578193,179.414413
2005,2005242,"United States of America",NA,840,"B","Finland",20430,"FI",61.92411,25.748151
2005,2005242,"United States of America",NA,840,"B","France",155257,"FR",46.227638,2.213749
2005,2005242,"United States of America",NA,840,"B","Gambia",11356,"GM",13.443182,-15.310139
2005,2005242,"United States of America",NA,840,"B","Georgia",15875,"GE",42.315407,43.356892
2005,2005242,"United States of America",NA,840,"B","Germany",682498,"DE",51.165691,10.451526
2005,2005242,"United States of America",NA,840,"B","Ghana",89959,"GH",7.946527,-1.023194
2005,2005242,"United States of America",NA,840,"B","Greece",158144,"GR",39.074208,21.824312
2005,2005242,"United States of America",NA,840,"B","Grenada",30901,"GD",12.262776,-61.604171
2005,2005242,"United States of America",NA,840,"B","Guatemala",643349,"GT",15.783471,-90.230759
2005,2005242,"United States of America",NA,840,"B","Guinea",9971,"GN",9.945587,-9.696645
2005,2005242,"United States of America",NA,840,"B","Guyana",236839,"GY",4.860416,-58.93018
2005,2005242,"United States of America",NA,840,"B","Haiti",491772,"HT",18.971187,-72.285215
2005,2005242,"United States of America",NA,840,"B","Honduras",383822,"HN",15.199999,-86.241905
2005,2005242,"United States of America",NA,840,"B","Hungary",87078,"HU",47.162494,19.503304
2005,2005242,"United States of America",NA,840,"B","Iceland",5298,"IS",64.963051,-19.020835
2005,2005242,"United States of America",NA,840,"B","India",1390605,"IN",20.593684,78.96288
2005,2005242,"United States of America",NA,840,"B","Indonesia",83425,"ID",-0.789275,113.921327
2005,2005242,"United States of America",NA,840,"B","Iran",314199,"IR",32.427908,53.688046
2005,2005242,"United States of America",NA,840,"B","Iraq",105551,"IQ",33.223191,43.679291
2005,2005242,"United States of America",NA,840,"B","Ireland",145477,"IE",53.41291,-8.24389
2005,2005242,"United States of America",NA,840,"B","Israel",124955,"IL",31.046051,34.851612
2005,2005242,"United States of America",NA,840,"B","Italy",438874,"IT",41.87194,12.56738
2005,2005242,"United States of America",NA,840,"B","Jamaica",611604,"JM",18.109581,-77.297508
2005,2005242,"United States of America",NA,840,"B","Japan",355980,"JP",36.204824,138.252924
2005,2005242,"United States of America",NA,840,"B","Jordan",55381,"JO",30.585164,36.238414
2005,2005242,"United States of America",NA,840,"B","Kazakhstan",11168,"KZ",48.019573,66.923684
2005,2005242,"United States of America",NA,840,"B","Kenya",64484,"KE",-0.023559,37.906193
2005,2005242,"United States of America",NA,840,"B","Kuwait",22048,"KW",29.31166,47.481766
2005,2005242,"United States of America",NA,840,"B","Kyrgyzstan",3581,"KG",41.20438,74.766098
2005,2005242,"United States of America",NA,840,"B","Laos",204193,"LA",19.85627,102.495496
2005,2005242,"United States of America",NA,840,"B","Latvia",26669,"LV",56.879635,24.603189
2005,2005242,"United States of America",NA,840,"B","Lebanon",114895,"LB",33.854721,35.862285
2005,2005242,"United States of America",NA,840,"B","Liberia",55724,"LR",6.428055,-9.429499
2005,2005242,"United States of America",NA,840,"B","Libya",6250,"LY",26.3351,17.228331
2005,2005242,"United States of America",NA,840,"B","Lithuania",32931,"LT",55.169438,23.881275
2005,2005242,"United States of America",NA,840,"B","Luxembourg",2470,"LU",49.815273,6.129583
2005,2005242,"United States of America",NA,840,"B","Malaysia",55746,"MY",4.210484,101.975766
2005,2005242,"United States of America",NA,840,"B","Malta",8275,"MT",35.937496,14.375416
2005,2005242,"United States of America",NA,840,"B","Mexico",10611064,"MX",23.634501,-102.552784
2005,2005242,"United States of America",NA,840,"B","Micronesia",6933,"FM",7.425554,150.550812
2005,2005242,"United States of America",NA,840,"B","Montserrat",4784,"MS",16.742498,-62.187366
2005,2005242,"United States of America",NA,840,"B","Morocco",47087,"MA",31.791702,-7.09262
2005,2005242,"United States of America",NA,840,"B","Nepal",29611,"NP",28.394857,84.124008
2005,2005242,"United States of America",NA,840,"B","Netherlands",94293,"NL",52.132633,5.291266
2005,2005242,"United States of America",NA,840,"B","New Zealand",26243,"NZ",-40.900557,174.885971
2005,2005242,"United States of America",NA,840,"B","Nicaragua",236243,"NI",12.865416,-85.207229
2005,2005242,"United States of America",NA,840,"B","Nigeria",174148,"NG",9.081999,8.675277
2005,2005242,"United States of America",NA,840,"B","Norway",29894,"NO",60.472024,8.468946
2005,2005242,"United States of America",NA,840,"B","Pakistan",261537,"PK",30.375321,69.345116
2005,2005242,"United States of America",NA,840,"B","Panama",106087,"PA",8.537981,-80.782127
2005,2005242,"United States of America",NA,840,"B","Paraguay",21344,"PY",-23.442503,-58.443832
2005,2005242,"United States of America",NA,840,"B","Peru",350703,"PE",-9.189967,-75.015152
2005,2005242,"United States of America",NA,840,"B","Philippines",1596459,"PH",12.879721,121.774017
2005,2005242,"United States of America",NA,840,"B","Poland",475678,"PL",51.919438,19.145136
2005,2005242,"United States of America",NA,840,"B","Portugal",200363,"PT",39.399872,-8.224454
2005,2005242,"United States of America",NA,840,"B","Puerto Rico",1618157,"PR",18.220833,-66.590149
2005,2005242,"United States of America",NA,840,"B","South Korea",990111,"KR",35.907757,127.766922
2005,2005242,"United States of America",NA,840,"B","Moldova",25387,"MD",47.411631,28.369885
2005,2005242,"United States of America",NA,840,"B","Romania",152171,"RO",45.943161,24.96676
2005,2005242,"United States of America",NA,840,"B","Russia",371254,"RU",61.52401,105.318756
2005,2005242,"United States of America",NA,840,"B","Saint Kitts and Nevis",13543,"KN",17.357822,-62.782998
2005,2005242,"United States of America",NA,840,"B","Saint Lucia",16569,"LC",13.909444,-60.978893
2005,2005242,"United States of America",NA,840,"B","Saint Vincent and the Grenadines",20921,"VC",12.984305,-61.287228
2005,2005242,"United States of America",NA,840,"B","Samoa",16079,"WS",-13.759029,-172.104629
2005,2005242,"United States of America",NA,840,"B","Saudi Arabia",27673,"SA",23.885942,45.079162
2005,2005242,"United States of America",NA,840,"B","Senegal",20751,"SN",14.497401,-14.452362
2005,2005242,"United States of America",NA,840,"B","Serbia",18657,"RS",44.016521,21.005859
2005,2005242,"United States of America",NA,840,"B","Sierra Leone",27472,"SL",8.460555,-11.779889
2005,2005242,"United States of America",NA,840,"B","Singapore",24653,"SG",1.352083,103.819836
2005,2005242,"United States of America",NA,840,"B","Slovenia",6149,"SI",46.151241,14.995463
2005,2005242,"United States of America",NA,840,"B","Somalia",76917,"SO",5.152149,46.199616
2005,2005242,"United States of America",NA,840,"B","South Africa",73064,"ZA",-30.559482,22.937506
2005,2005242,"United States of America",NA,840,"B","Spain",86286,"ES",40.463667,-3.74922
2005,2005242,"United States of America",NA,840,"B","Sri Lanka",33489,"LK",7.873054,80.771797
2005,2005242,"United States of America",NA,840,"B","Palestinian Territories",28004,"PS",31.952162,35.233154
2005,2005242,"United States of America",NA,840,"B","Sudan",30514,"SD",12.862807,30.217636
2005,2005242,"United States of America",NA,840,"B","Suriname",9938,"SR",3.919305,-56.027783
2005,2005242,"United States of America",NA,840,"B","Sweden",48928,"SE",60.128161,18.643501
2005,2005242,"United States of America",NA,840,"B","Switzerland",42514,"CH",46.818188,8.227512
2005,2005242,"United States of America",NA,840,"B","Syria",57569,"SY",34.802075,38.996815
2005,2005242,"United States of America",NA,840,"B","Tajikistan",3220,"TJ",38.861034,71.276093
2005,2005242,"United States of America",NA,840,"B","Macedonia [FYROM]",21209,"MK",41.608635,21.745275
2005,2005242,"United States of America",NA,840,"B","Thailand",195494,"TH",15.870032,100.992541
2005,2005242,"United States of America",NA,840,"B","Tonga",16892,"TO",-21.178986,-175.198242
2005,2005242,"United States of America",NA,840,"B","Trinidad and Tobago",217856,"TT",10.691803,-61.222503
2005,2005242,"United States of America",NA,840,"B","Tunisia",7375,"TN",33.886917,9.537499
2005,2005242,"United States of America",NA,840,"B","Turkey",89762,"TR",38.963745,35.243322
2005,2005242,"United States of America",NA,840,"B","Turkmenistan",1350,"TM",38.969719,59.556278
2005,2005242,"United States of America",NA,840,"B","Uganda",22847,"UG",1.373333,32.290275
2005,2005242,"United States of America",NA,840,"B","Ukraine",298766,"UA",48.379433,31.16558
2005,2005242,"United States of America",NA,840,"B","United Arab Emirates",8252,"AE",23.424076,53.847818
2005,2005242,"United States of America",NA,840,"B","United Kingdom",696965,"GB",55.378051,-3.435973
2005,2005242,"United States of America",NA,840,"B","Tanzania",22162,"TZ",-6.369028,34.888822
2005,2005242,"United States of America",NA,840,"B","Uruguay",37981,"UY",-32.522779,-55.765835
2005,2005242,"United States of America",NA,840,"B","Uzbekistan",26322,"UZ",41.377491,64.585262
2005,2005242,"United States of America",NA,840,"B","Venezuela",142706,"VE",6.42375,-66.58973
2005,2005242,"United States of America",NA,840,"B","Vietnam",1106433,"VN",14.058324,108.277199
2005,2005242,"United States of America",NA,840,"B","Yemen",27207,"YE",15.552727,48.516388
2005,2005242,"United States of America",NA,840,"B","Zambia",11649,"ZM",-13.133897,27.849332
2005,2005242,"United States of America",NA,840,"B","Zimbabwe",27363,"ZW",-19.015438,29.154857
2010,2010242,"United States of America",NA,840,"B","Afghanistan",59330,"AF",33.93911,67.709953
2010,2010242,"United States of America",NA,840,"B","Albania",72085,"AL",41.153332,20.168331
2010,2010242,"United States of America",NA,840,"B","Algeria",14633,"DZ",28.033886,1.659626
2010,2010242,"United States of America",NA,840,"B","Angola",10411,"AO",-11.202692,17.873887
2010,2010242,"United States of America",NA,840,"B","Antigua and Barbuda",26899,"AG",17.060816,-61.796428
2010,2010242,"United States of America",NA,840,"B","Argentina",182404,"AR",-38.416097,-63.616672
2010,2010242,"United States of America",NA,840,"B","Armenia",72388,"AM",40.069099,45.038189
2010,2010242,"United States of America",NA,840,"B","Aruba",5598,"AW",12.52111,-69.968338
2010,2010242,"United States of America",NA,840,"B","Australia",74689,"AU",-25.274398,133.775136
2010,2010242,"United States of America",NA,840,"B","Austria",56016,"AT",47.516231,14.550072
2010,2010242,"United States of America",NA,840,"B","Azerbaijan",17468,"AZ",40.143105,47.576927
2010,2010242,"United States of America",NA,840,"B","Bahamas",30286,"BS",25.03428,-77.39628
2010,2010242,"United States of America",NA,840,"B","Bangladesh",159527,"BD",23.684994,90.356331
2010,2010242,"United States of America",NA,840,"B","Barbados",55503,"BB",13.193887,-59.543198
2010,2010242,"United States of America",NA,840,"B","Belarus",56276,"BY",53.709807,27.953389
2010,2010242,"United States of America",NA,840,"B","Belgium",34862,"BE",50.503887,4.469936
2010,2010242,"United States of America",NA,840,"B","Belize",48974,"BZ",17.189877,-88.49765
2010,2010242,"United States of America",NA,840,"B","Bermuda",8516,"BM",32.321384,-64.75737
2010,2010242,"United States of America",NA,840,"B","Bolivia",81051,"BO",-16.290154,-63.588653
2010,2010242,"United States of America",NA,840,"B","Bosnia and Herzegovina",120693,"BA",43.915886,17.679076
2010,2010242,"United States of America",NA,840,"B","Brazil",352957,"BR",-14.235004,-51.92528
2010,2010242,"United States of America",NA,840,"B","Bulgaria",62258,"BG",42.733883,25.48583
2010,2010242,"United States of America",NA,840,"B","Cape Verde",33752,"CV",16.002082,-24.013197
2010,2010242,"United States of America",NA,840,"B","Cambodia",159212,"KH",12.565679,104.990963
2010,2010242,"United States of America",NA,840,"B","Cameroon",30195,"CM",7.369722,12.354722
2010,2010242,"United States of America",NA,840,"B","Canada",868967,"CA",56.130366,-106.346771
2010,2010242,"United States of America",NA,840,"B","Chile",95695,"CL",-35.675147,-71.542969
2010,2010242,"United States of America",NA,840,"B","China",1922950,"CN",35.86166,104.195397
2010,2010242,"United States of America",NA,840,"B","Hong Kong",230796,"HK",22.396428,114.109497
2010,2010242,"United States of America",NA,840,"B","Colombia",658465,"CO",4.570868,-74.297333
2010,2010242,"United States of America",NA,840,"B","Croatia",46167,"HR",45.1,15.2
2010,2010242,"United States of America",NA,840,"B","Cuba",1055229,"CU",21.521757,-77.781167
2010,2010242,"United States of America",NA,840,"B","Cyprus",16244,"CY",35.126413,33.429859
2010,2010242,"United States of America",NA,840,"B","Czech Republic",76438,"CZ",49.817492,15.472962
2010,2010242,"United States of America",NA,840,"B","Congo",19833,"CD",-4.038333,21.758664
2010,2010242,"United States of America",NA,840,"B","Denmark",31422,"DK",56.26392,9.501785
2010,2010242,"United States of America",NA,840,"B","Dominica",35534,"DM",15.414999,-61.370976
2010,2010242,"United States of America",NA,840,"B","Dominican Republic",843720,"DO",18.735693,-70.162651
2010,2010242,"United States of America",NA,840,"B","Ecuador",435209,"EC",-1.831239,-78.183406
2010,2010242,"United States of America",NA,840,"B","Egypt",137193,"EG",26.820553,30.802498
2010,2010242,"United States of America",NA,840,"B","El Salvador",1192423,"SV",13.794185,-88.89653
2010,2010242,"United States of America",NA,840,"B","Eritrea",24569,"ER",15.179384,39.782334
2010,2010242,"United States of America",NA,840,"B","Estonia",10425,"EE",58.595272,25.013607
2010,2010242,"United States of America",NA,840,"B","Ethiopia",152798,"ET",9.145,40.489673
2010,2010242,"United States of America",NA,840,"B","Fiji",40945,"FJ",-16.578193,179.414413
2010,2010242,"United States of America",NA,840,"B","Finland",19499,"FI",61.92411,25.748151
2010,2010242,"United States of America",NA,840,"B","France",160300,"FR",46.227638,2.213749
2010,2010242,"United States of America",NA,840,"B","Gambia",17293,"GM",13.443182,-15.310139
2010,2010242,"United States of America",NA,840,"B","Georgia",21577,"GE",42.315407,43.356892
2010,2010242,"United States of America",NA,840,"B","Germany",660214,"DE",51.165691,10.451526
2010,2010242,"United States of America",NA,840,"B","Ghana",116035,"GH",7.946527,-1.023194
2010,2010242,"United States of America",NA,840,"B","Greece",150879,"GR",39.074208,21.824312
2010,2010242,"United States of America",NA,840,"B","Grenada",32759,"GD",12.262776,-61.604171
2010,2010242,"United States of America",NA,840,"B","Guatemala",817495,"GT",15.783471,-90.230759
2010,2010242,"United States of America",NA,840,"B","Guinea",15184,"GN",9.945587,-9.696645
2010,2010242,"United States of America",NA,840,"B","Guyana",264928,"GY",4.860416,-58.93018
2010,2010242,"United States of America",NA,840,"B","Haiti",570290,"HT",18.971187,-72.285215
2010,2010242,"United States of America",NA,840,"B","Honduras",491834,"HN",15.199999,-86.241905
2010,2010242,"United States of America",NA,840,"B","Hungary",82289,"HU",47.162494,19.503304
2010,2010242,"United States of America",NA,840,"B","Iceland",5057,"IS",64.963051,-19.020835
2010,2010242,"United States of America",NA,840,"B","India",1784284,"IN",20.593684,78.96288
2010,2010242,"United States of America",NA,840,"B","Indonesia",95254,"ID",-0.789275,113.921327
2010,2010242,"United States of America",NA,840,"B","Iran",348249,"IR",32.427908,53.688046
2010,2010242,"United States of America",NA,840,"B","Iraq",122517,"IQ",33.223191,43.679291
2010,2010242,"United States of America",NA,840,"B","Ireland",134587,"IE",53.41291,-8.24389
2010,2010242,"United States of America",NA,840,"B","Israel",141567,"IL",31.046051,34.851612
2010,2010242,"United States of America",NA,840,"B","Italy",404664,"IT",41.87194,12.56738
2010,2010242,"United States of America",NA,840,"B","Jamaica",675237,"JM",18.109581,-77.297508
2010,2010242,"United States of America",NA,840,"B","Japan",366522,"JP",36.204824,138.252924
2010,2010242,"United States of America",NA,840,"B","Jordan",64674,"JO",30.585164,36.238414
2010,2010242,"United States of America",NA,840,"B","Kazakhstan",13341,"KZ",48.019573,66.923684
2010,2010242,"United States of America",NA,840,"B","Kenya",89826,"KE",-0.023559,37.906193
2010,2010242,"United States of America",NA,840,"B","Kuwait",23921,"KW",29.31166,47.481766
2010,2010242,"United States of America",NA,840,"B","Kyrgyzstan",4868,"KG",41.20438,74.766098
2010,2010242,"United States of America",NA,840,"B","Laos",205051,"LA",19.85627,102.495496
2010,2010242,"United States of America",NA,840,"B","Latvia",26202,"LV",56.879635,24.603189
2010,2010242,"United States of America",NA,840,"B","Lebanon",124883,"LB",33.854721,35.862285
2010,2010242,"United States of America",NA,840,"B","Liberia",73547,"LR",6.428055,-9.429499
2010,2010242,"United States of America",NA,840,"B","Libya",7213,"LY",26.3351,17.228331
2010,2010242,"United States of America",NA,840,"B","Lithuania",37759,"LT",55.169438,23.881275
2010,2010242,"United States of America",NA,840,"B","Luxembourg",2820,"LU",49.815273,6.129583
2010,2010242,"United States of America",NA,840,"B","Malaysia",62621,"MY",4.210484,101.975766
2010,2010242,"United States of America",NA,840,"B","Malta",8016,"MT",35.937496,14.375416
2010,2010242,"United States of America",NA,840,"B","Mexico",12168662,"MX",23.634501,-102.552784
2010,2010242,"United States of America",NA,840,"B","Micronesia",6803,"FM",7.425554,150.550812
2010,2010242,"United States of America",NA,840,"B","Montserrat",5732,"MS",16.742498,-62.187366
2010,2010242,"United States of America",NA,840,"B","Morocco",60357,"MA",31.791702,-7.09262
2010,2010242,"United States of America",NA,840,"B","Nepal",48579,"NP",28.394857,84.124008
2010,2010242,"United States of America",NA,840,"B","Netherlands",94442,"NL",52.132633,5.291266
2010,2010242,"United States of America",NA,840,"B","New Zealand",29914,"NZ",-40.900557,174.885971
2010,2010242,"United States of America",NA,840,"B","Nicaragua",254081,"NI",12.865416,-85.207229
2010,2010242,"United States of America",NA,840,"B","Nigeria",216209,"NG",9.081999,8.675277
2010,2010242,"United States of America",NA,840,"B","Norway",27602,"NO",60.472024,8.468946
2010,2010242,"United States of America",NA,840,"B","Pakistan",302798,"PK",30.375321,69.345116
2010,2010242,"United States of America",NA,840,"B","Panama",107540,"PA",8.537981,-80.782127
2010,2010242,"United States of America",NA,840,"B","Paraguay",31296,"PY",-23.442503,-58.443832
2010,2010242,"United States of America",NA,840,"B","Peru",428629,"PE",-9.189967,-75.015152
2010,2010242,"United States of America",NA,840,"B","Philippines",1843117,"PH",12.879721,121.774017
2010,2010242,"United States of America",NA,840,"B","Poland",487297,"PL",51.919438,19.145136
2010,2010242,"United States of America",NA,840,"B","Portugal",198400,"PT",39.399872,-8.224454
2010,2010242,"United States of America",NA,840,"B","Puerto Rico",1710665,"PR",18.220833,-66.590149
2010,2010242,"United States of America",NA,840,"B","South Korea",1127266,"KR",35.907757,127.766922
2010,2010242,"United States of America",NA,840,"B","Moldova",31694,"MD",47.411631,28.369885
2010,2010242,"United States of America",NA,840,"B","Romania",169928,"RO",45.943161,24.96676
2010,2010242,"United States of America",NA,840,"B","Russia",405679,"RU",61.52401,105.318756
2010,2010242,"United States of America",NA,840,"B","Saint Kitts and Nevis",16226,"KN",17.357822,-62.782998
2010,2010242,"United States of America",NA,840,"B","Saint Lucia",19852,"LC",13.909444,-60.978893
2010,2010242,"United States of America",NA,840,"B","Saint Vincent and the Grenadines",22007,"VC",12.984305,-61.287228
2010,2010242,"United States of America",NA,840,"B","Samoa",15779,"WS",-13.759029,-172.104629
2010,2010242,"United States of America",NA,840,"B","Saudi Arabia",34736,"SA",23.885942,45.079162
2010,2010242,"United States of America",NA,840,"B","Senegal",31599,"SN",14.497401,-14.452362
2010,2010242,"United States of America",NA,840,"B","Serbia",27554,"RS",44.016521,21.005859
2010,2010242,"United States of America",NA,840,"B","Sierra Leone",34590,"SL",8.460555,-11.779889
2010,2010242,"United States of America",NA,840,"B","Singapore",28863,"SG",1.352083,103.819836
2010,2010242,"United States of America",NA,840,"B","Slovenia",6363,"SI",46.151241,14.995463
2010,2010242,"United States of America",NA,840,"B","Somalia",120575,"SO",5.152149,46.199616
2010,2010242,"United States of America",NA,840,"B","South Africa",83406,"ZA",-30.559482,22.937506
2010,2010242,"United States of America",NA,840,"B","Spain",90296,"ES",40.463667,-3.74922
2010,2010242,"United States of America",NA,840,"B","Sri Lanka",42299,"LK",7.873054,80.771797
2010,2010242,"United States of America",NA,840,"B","Palestinian Territories",31222,"PS",31.952162,35.233154
2010,2010242,"United States of America",NA,840,"B","Sudan",41940,"SD",12.862807,30.217636
2010,2010242,"United States of America",NA,840,"B","Suriname",14573,"SR",3.919305,-56.027783
2010,2010242,"United States of America",NA,840,"B","Sweden",48320,"SE",60.128161,18.643501
2010,2010242,"United States of America",NA,840,"B","Switzerland",42090,"CH",46.818188,8.227512
2010,2010242,"United States of America",NA,840,"B","Syria",61003,"SY",34.802075,38.996815
2010,2010242,"United States of America",NA,840,"B","Tajikistan",3821,"TJ",38.861034,71.276093
2010,2010242,"United States of America",NA,840,"B","Macedonia [FYROM]",23970,"MK",41.608635,21.745275
2010,2010242,"United States of America",NA,840,"B","Thailand",223435,"TH",15.870032,100.992541
2010,2010242,"United States of America",NA,840,"B","Tonga",16576,"TO",-21.178986,-175.198242
2010,2010242,"United States of America",NA,840,"B","Trinidad and Tobago",240394,"TT",10.691803,-61.222503
2010,2010242,"United States of America",NA,840,"B","Tunisia",8511,"TN",33.886917,9.537499
2010,2010242,"United States of America",NA,840,"B","Turkey",102159,"TR",38.963745,35.243322
2010,2010242,"United States of America",NA,840,"B","Turkmenistan",1835,"TM",38.969719,59.556278
2010,2010242,"United States of America",NA,840,"B","Uganda",34638,"UG",1.373333,32.290275
2010,2010242,"United States of America",NA,840,"B","Ukraine",325001,"UA",48.379433,31.16558
2010,2010242,"United States of America",NA,840,"B","United Arab Emirates",9880,"AE",23.424076,53.847818
2010,2010242,"United States of America",NA,840,"B","United Kingdom",720428,"GB",55.378051,-3.435973
2010,2010242,"United States of America",NA,840,"B","Tanzania",33600,"TZ",-6.369028,34.888822
2010,2010242,"United States of America",NA,840,"B","Uruguay",51776,"UY",-32.522779,-55.765835
2010,2010242,"United States of America",NA,840,"B","Uzbekistan",29911,"UZ",41.377491,64.585262
2010,2010242,"United States of America",NA,840,"B","Venezuela",180905,"VE",6.42375,-66.58973
2010,2010242,"United States of America",NA,840,"B","Vietnam",1236000,"VN",14.058324,108.277199
2010,2010242,"United States of America",NA,840,"B","Yemen",35748,"YE",15.552727,48.516388
2010,2010242,"United States of America",NA,840,"B","Zambia",17662,"ZM",-13.133897,27.849332
2010,2010242,"United States of America",NA,840,"B","Zimbabwe",45037,"ZW",-19.015438,29.154857
2015,2015242,"United States of America",NA,840,"B","Afghanistan",70569,"AF",33.93911,67.709953
2015,2015242,"United States of America",NA,840,"B","Albania",87480,"AL",41.153332,20.168331
2015,2015242,"United States of America",NA,840,"B","Algeria",18696,"DZ",28.033886,1.659626
2015,2015242,"United States of America",NA,840,"B","Angola",13397,"AO",-11.202692,17.873887
2015,2015242,"United States of America",NA,840,"B","Antigua and Barbuda",30165,"AG",17.060816,-61.796428
2015,2015242,"United States of America",NA,840,"B","Argentina",189800,"AR",-38.416097,-63.616672
2015,2015242,"United States of America",NA,840,"B","Armenia",89731,"AM",40.069099,45.038189
2015,2015242,"United States of America",NA,840,"B","Aruba",6277,"AW",12.52111,-69.968338
2015,2015242,"United States of America",NA,840,"B","Australia",85031,"AU",-25.274398,133.775136
2015,2015242,"United States of America",NA,840,"B","Austria",48689,"AT",47.516231,14.550072
2015,2015242,"United States of America",NA,840,"B","Azerbaijan",20913,"AZ",40.143105,47.576927
2015,2015242,"United States of America",NA,840,"B","Bahamas",34762,"BS",25.03428,-77.39628
2015,2015242,"United States of America",NA,840,"B","Bangladesh",211990,"BD",23.684994,90.356331
2015,2015242,"United States of America",NA,840,"B","Barbados",55689,"BB",13.193887,-59.543198
2015,2015242,"United States of America",NA,840,"B","Belarus",57607,"BY",53.709807,27.953389
2015,2015242,"United States of America",NA,840,"B","Belgium",35145,"BE",50.503887,4.469936
2015,2015242,"United States of America",NA,840,"B","Belize",51563,"BZ",17.189877,-88.49765
2015,2015242,"United States of America",NA,840,"B","Bermuda",8636,"BM",32.321384,-64.75737
2015,2015242,"United States of America",NA,840,"B","Bolivia",82399,"BO",-16.290154,-63.588653
2015,2015242,"United States of America",NA,840,"B","Bosnia and Herzegovina",121415,"BA",43.915886,17.679076
2015,2015242,"United States of America",NA,840,"B","Brazil",355722,"BR",-14.235004,-51.92528
2015,2015242,"United States of America",NA,840,"B","Bulgaria",70117,"BG",42.733883,25.48583
2015,2015242,"United States of America",NA,840,"B","Cape Verde",38562,"CV",16.002082,-24.013197
2015,2015242,"United States of America",NA,840,"B","Cambodia",172838,"KH",12.565679,104.990963
2015,2015242,"United States of America",NA,840,"B","Cameroon",46900,"CM",7.369722,12.354722
2015,2015242,"United States of America",NA,840,"B","Canada",864806,"CA",56.130366,-106.346771
2015,2015242,"United States of America",NA,840,"B","Chile",101623,"CL",-35.675147,-71.542969
2015,2015242,"United States of America",NA,840,"B","China",2345208,"CN",35.86166,104.195397
2015,2015242,"United States of America",NA,840,"B","Hong Kong",237032,"HK",22.396428,114.109497
2015,2015242,"United States of America",NA,840,"B","Colombia",729645,"CO",4.570868,-74.297333
2015,2015242,"United States of America",NA,840,"B","Croatia",42799,"HR",45.1,15.2
2015,2015242,"United States of America",NA,840,"B","Cuba",1210873,"CU",21.521757,-77.781167
2015,2015242,"United States of America",NA,840,"B","Cyprus",19446,"CY",35.126413,33.429859
2015,2015242,"United States of America",NA,840,"B","Czech Republic",72243,"CZ",49.817492,15.472962
2015,2015242,"United States of America",NA,840,"B","Congo",24340,"CD",-4.038333,21.758664
2015,2015242,"United States of America",NA,840,"B","Denmark",30091,"DK",56.26392,9.501785
2015,2015242,"United States of America",NA,840,"B","Dominica",30834,"DM",15.414999,-61.370976
2015,2015242,"United States of America",NA,840,"B","Dominican Republic",1034940,"DO",18.735693,-70.162651
2015,2015242,"United States of America",NA,840,"B","Ecuador",455220,"EC",-1.831239,-78.183406
2015,2015242,"United States of America",NA,840,"B","Egypt",179188,"EG",26.820553,30.802498
2015,2015242,"United States of America",NA,840,"B","El Salvador",1347952,"SV",13.794185,-88.89653
2015,2015242,"United States of America",NA,840,"B","Eritrea",34598,"ER",15.179384,39.782334
2015,2015242,"United States of America",NA,840,"B","Estonia",10557,"EE",58.595272,25.013607
2015,2015242,"United States of America",NA,840,"B","Ethiopia",210917,"ET",9.145,40.489673
2015,2015242,"United States of America",NA,840,"B","Fiji",44586,"FJ",-16.578193,179.414413
2015,2015242,"United States of America",NA,840,"B","Finland",20835,"FI",61.92411,25.748151
2015,2015242,"United States of America",NA,840,"B","France",177400,"FR",46.227638,2.213749
2015,2015242,"United States of America",NA,840,"B","Gambia",22052,"GM",13.443182,-15.310139
2015,2015242,"United States of America",NA,840,"B","Georgia",25832,"GE",42.315407,43.356892
2015,2015242,"United States of America",NA,840,"B","Germany",624597,"DE",51.165691,10.451526
2015,2015242,"United States of America",NA,840,"B","Ghana",153393,"GH",7.946527,-1.023194
2015,2015242,"United States of America",NA,840,"B","Greece",144458,"GR",39.074208,21.824312
2015,2015242,"United States of America",NA,840,"B","Grenada",33951,"GD",12.262776,-61.604171
2015,2015242,"United States of America",NA,840,"B","Guatemala",944186,"GT",15.783471,-90.230759
2015,2015242,"United States of America",NA,840,"B","Guinea",19363,"GN",9.945587,-9.696645
2015,2015242,"United States of America",NA,840,"B","Guyana",284869,"GY",4.860416,-58.93018
2015,2015242,"United States of America",NA,840,"B","Haiti",649941,"HT",18.971187,-72.285215
2015,2015242,"United States of America",NA,840,"B","Honduras",578460,"HN",15.199999,-86.241905
2015,2015242,"United States of America",NA,840,"B","Hungary",75001,"HU",47.162494,19.503304
2015,2015242,"United States of America",NA,840,"B","Iceland",5402,"IS",64.963051,-19.020835
2015,2015242,"United States of America",NA,840,"B","India",2233814,"IN",20.593684,78.96288
2015,2015242,"United States of America",NA,840,"B","Indonesia",99533,"ID",-0.789275,113.921327
2015,2015242,"United States of America",NA,840,"B","Iran",389772,"IR",32.427908,53.688046
2015,2015242,"United States of America",NA,840,"B","Iraq",203230,"IQ",33.223191,43.679291
2015,2015242,"United States of America",NA,840,"B","Ireland",134430,"IE",53.41291,-8.24389
2015,2015242,"United States of America",NA,840,"B","Israel",137598,"IL",31.046051,34.851612
2015,2015242,"United States of America",NA,840,"B","Italy",377002,"IT",41.87194,12.56738
2015,2015242,"United States of America",NA,840,"B","Jamaica",748381,"JM",18.109581,-77.297508
2015,2015242,"United States of America",NA,840,"B","Japan",356526,"JP",36.204824,138.252924
2015,2015242,"United States of America",NA,840,"B","Jordan",71758,"JO",30.585164,36.238414
2015,2015242,"United States of America",NA,840,"B","Kazakhstan",27513,"KZ",48.019573,66.923684
2015,2015242,"United States of America",NA,840,"B","Kenya",119210,"KE",-0.023559,37.906193
2015,2015242,"United States of America",NA,840,"B","Kuwait",28403,"KW",29.31166,47.481766
2015,2015242,"United States of America",NA,840,"B","Kyrgyzstan",5827,"KG",41.20438,74.766098
2015,2015242,"United States of America",NA,840,"B","Laos",203573,"LA",19.85627,102.495496
2015,2015242,"United States of America",NA,840,"B","Latvia",23962,"LV",56.879635,24.603189
2015,2015242,"United States of America",NA,840,"B","Lebanon",124865,"LB",33.854721,35.862285
2015,2015242,"United States of America",NA,840,"B","Liberia",81402,"LR",6.428055,-9.429499
2015,2015242,"United States of America",NA,840,"B","Libya",9215,"LY",26.3351,17.228331
2015,2015242,"United States of America",NA,840,"B","Lithuania",37566,"LT",55.169438,23.881275
2015,2015242,"United States of America",NA,840,"B","Luxembourg",2542,"LU",49.815273,6.129583
2015,2015242,"United States of America",NA,840,"B","Malaysia",68471,"MY",4.210484,101.975766
2015,2015242,"United States of America",NA,840,"B","Malta",7966,"MT",35.937496,14.375416
2015,2015242,"United States of America",NA,840,"B","Mexico",12275876,"MX",23.634501,-102.552784
2015,2015242,"United States of America",NA,840,"B","Micronesia",7680,"FM",7.425554,150.550812
2015,2015242,"United States of America",NA,840,"B","Montserrat",6427,"MS",16.742498,-62.187366
2015,2015242,"United States of America",NA,840,"B","Morocco",70234,"MA",31.791702,-7.09262
2015,2015242,"United States of America",NA,840,"B","Nepal",100633,"NP",28.394857,84.124008
2015,2015242,"United States of America",NA,840,"B","Netherlands",88372,"NL",52.132633,5.291266
2015,2015242,"United States of America",NA,840,"B","New Zealand",32527,"NZ",-40.900557,174.885971
2015,2015242,"United States of America",NA,840,"B","Nicaragua",267051,"NI",12.865416,-85.207229
2015,2015242,"United States of America",NA,840,"B","Nigeria",273095,"NG",9.081999,8.675277
2015,2015242,"United States of America",NA,840,"B","Norway",27496,"NO",60.472024,8.468946
2015,2015242,"United States of America",NA,840,"B","Pakistan",358463,"PK",30.375321,69.345116
2015,2015242,"United States of America",NA,840,"B","Panama",110516,"PA",8.537981,-80.782127
2015,2015242,"United States of America",NA,840,"B","Paraguay",30254,"PY",-23.442503,-58.443832
2015,2015242,"United States of America",NA,840,"B","Peru",463413,"PE",-9.189967,-75.015152
2015,2015242,"United States of America",NA,840,"B","Philippines",2009595,"PH",12.879721,121.774017
2015,2015242,"United States of America",NA,840,"B","Poland",458651,"PL",51.919438,19.145136
2015,2015242,"United States of America",NA,840,"B","Portugal",189613,"PT",39.399872,-8.224454
2015,2015242,"United States of America",NA,840,"B","Puerto Rico",1842611,"PR",18.220833,-66.590149
2015,2015242,"United States of America",NA,840,"B","South Korea",1139277,"KR",35.907757,127.766922
2015,2015242,"United States of America",NA,840,"B","Moldova",41832,"MD",47.411631,28.369885
2015,2015242,"United States of America",NA,840,"B","Romania",169343,"RO",45.943161,24.96676
2015,2015242,"United States of America",NA,840,"B","Russia",410727,"RU",61.52401,105.318756
2015,2015242,"United States of America",NA,840,"B","Saint Kitts and Nevis",18195,"KN",17.357822,-62.782998
2015,2015242,"United States of America",NA,840,"B","Saint Lucia",22262,"LC",13.909444,-60.978893
2015,2015242,"United States of America",NA,840,"B","Saint Vincent and the Grenadines",24092,"VC",12.984305,-61.287228
2015,2015242,"United States of America",NA,840,"B","Samoa",17815,"WS",-13.759029,-172.104629
2015,2015242,"United States of America",NA,840,"B","Saudi Arabia",83669,"SA",23.885942,45.079162
2015,2015242,"United States of America",NA,840,"B","Senegal",40295,"SN",14.497401,-14.452362
2015,2015242,"United States of America",NA,840,"B","Serbia",36491,"RS",44.016521,21.005859
2015,2015242,"United States of America",NA,840,"B","Sierra Leone",39711,"SL",8.460555,-11.779889
2015,2015242,"United States of America",NA,840,"B","Singapore",34408,"SG",1.352083,103.819836
2015,2015242,"United States of America",NA,840,"B","Slovenia",9205,"SI",46.151241,14.995463
2015,2015242,"United States of America",NA,840,"B","Somalia",88564,"SO",5.152149,46.199616
2015,2015242,"United States of America",NA,840,"B","South Africa",96214,"ZA",-30.559482,22.937506
2015,2015242,"United States of America",NA,840,"B","Spain",106354,"ES",40.463667,-3.74922
2015,2015242,"United States of America",NA,840,"B","Sri Lanka",50383,"LK",7.873054,80.771797
2015,2015242,"United States of America",NA,840,"B","Palestinian Territories",38260,"PS",31.952162,35.233154
2015,2015242,"United States of America",NA,840,"B","Sudan",43164,"SD",12.862807,30.217636
2015,2015242,"United States of America",NA,840,"B","Suriname",14088,"SR",3.919305,-56.027783
2015,2015242,"United States of America",NA,840,"B","Sweden",49629,"SE",60.128161,18.643501
2015,2015242,"United States of America",NA,840,"B","Switzerland",41363,"CH",46.818188,8.227512
2015,2015242,"United States of America",NA,840,"B","Syria",80830,"SY",34.802075,38.996815
2015,2015242,"United States of America",NA,840,"B","Tajikistan",4574,"TJ",38.861034,71.276093
2015,2015242,"United States of America",NA,840,"B","Macedonia [FYROM]",26681,"MK",41.608635,21.745275
2015,2015242,"United States of America",NA,840,"B","Thailand",255148,"TH",15.870032,100.992541
2015,2015242,"United States of America",NA,840,"B","Tonga",18714,"TO",-21.178986,-175.198242
2015,2015242,"United States of America",NA,840,"B","Trinidad and Tobago",243749,"TT",10.691803,-61.222503
2015,2015242,"United States of America",NA,840,"B","Tunisia",115113,"TN",33.886917,9.537499
2015,2015242,"United States of America",NA,840,"B","Turkey",361082,"TR",38.963745,35.243322
2015,2015242,"United States of America",NA,840,"B","Turkmenistan",2196,"TM",38.969719,59.556278
2015,2015242,"United States of America",NA,840,"B","Uganda",43522,"UG",1.373333,32.290275
2015,2015242,"United States of America",NA,840,"B","Ukraine",365250,"UA",48.379433,31.16558
2015,2015242,"United States of America",NA,840,"B","United Arab Emirates",11827,"AE",23.424076,53.847818
2015,2015242,"United States of America",NA,840,"B","United Kingdom",724185,"GB",55.378051,-3.435973
2015,2015242,"United States of America",NA,840,"B","Tanzania",47847,"TZ",-6.369028,34.888822
2015,2015242,"United States of America",NA,840,"B","Uruguay",49585,"UY",-32.522779,-55.765835
2015,2015242,"United States of America",NA,840,"B","Uzbekistan",58283,"UZ",41.377491,64.585262
2015,2015242,"United States of America",NA,840,"B","Venezuela",224986,"VE",6.42375,-66.58973
2015,2015242,"United States of America",NA,840,"B","Vietnam",1363825,"VN",14.058324,108.277199
2015,2015242,"United States of America",NA,840,"B","Yemen",43464,"YE",15.552727,48.516388
2015,2015242,"United States of America",NA,840,"B","Zambia",23670,"ZM",-13.133897,27.849332
2015,2015242,"United States of America",NA,840,"B","Zimbabwe",52816,"ZW",-19.015438,29.154857
2017,2017242,"United States of America",NA,840,"B","Afghanistan",72909,"AF",33.93911,67.709953
2017,2017242,"United States of America",NA,840,"B","Albania",90381,"AL",41.153332,20.168331
2017,2017242,"United States of America",NA,840,"B","Algeria",19316,"DZ",28.033886,1.659626
2017,2017242,"United States of America",NA,840,"B","Angola",13841,"AO",-11.202692,17.873887
2017,2017242,"United States of America",NA,840,"B","Antigua and Barbuda",31165,"AG",17.060816,-61.796428
2017,2017242,"United States of America",NA,840,"B","Argentina",196095,"AR",-38.416097,-63.616672
2017,2017242,"United States of America",NA,840,"B","Armenia",92707,"AM",40.069099,45.038189
2017,2017242,"United States of America",NA,840,"B","Aruba",6485,"AW",12.52111,-69.968338
2017,2017242,"United States of America",NA,840,"B","Australia",87851,"AU",-25.274398,133.775136
2017,2017242,"United States of America",NA,840,"B","Austria",50304,"AT",47.516231,14.550072
2017,2017242,"United States of America",NA,840,"B","Azerbaijan",21606,"AZ",40.143105,47.576927
2017,2017242,"United States of America",NA,840,"B","Bahamas",35915,"BS",25.03428,-77.39628
2017,2017242,"United States of America",NA,840,"B","Bangladesh",219021,"BD",23.684994,90.356331
2017,2017242,"United States of America",NA,840,"B","Barbados",57536,"BB",13.193887,-59.543198
2017,2017242,"United States of America",NA,840,"B","Belarus",59517,"BY",53.709807,27.953389
2017,2017242,"United States of America",NA,840,"B","Belgium",36310,"BE",50.503887,4.469936
2017,2017242,"United States of America",NA,840,"B","Belize",53273,"BZ",17.189877,-88.49765
2017,2017242,"United States of America",NA,840,"B","Bermuda",8922,"BM",32.321384,-64.75737
2017,2017242,"United States of America",NA,840,"B","Bolivia",85132,"BO",-16.290154,-63.588653
2017,2017242,"United States of America",NA,840,"B","Bosnia and Herzegovina",125442,"BA",43.915886,17.679076
2017,2017242,"United States of America",NA,840,"B","Brazil",367521,"BR",-14.235004,-51.92528
2017,2017242,"United States of America",NA,840,"B","Bulgaria",72442,"BG",42.733883,25.48583
2017,2017242,"United States of America",NA,840,"B","Cape Verde",39841,"CV",16.002082,-24.013197
2017,2017242,"United States of America",NA,840,"B","Cambodia",178571,"KH",12.565679,104.990963
2017,2017242,"United States of America",NA,840,"B","Cameroon",48455,"CM",7.369722,12.354722
2017,2017242,"United States of America",NA,840,"B","Canada",893491,"CA",56.130366,-106.346771
2017,2017242,"United States of America",NA,840,"B","Chile",104993,"CL",-35.675147,-71.542969
2017,2017242,"United States of America",NA,840,"B","China",2422998,"CN",35.86166,104.195397
2017,2017242,"United States of America",NA,840,"B","Hong Kong",244894,"HK",22.396428,114.109497
2017,2017242,"United States of America",NA,840,"B","Colombia",753847,"CO",4.570868,-74.297333
2017,2017242,"United States of America",NA,840,"B","Croatia",44218,"HR",45.1,15.2
2017,2017242,"United States of America",NA,840,"B","Cuba",1251037,"CU",21.521757,-77.781167
2017,2017242,"United States of America",NA,840,"B","Cyprus",20091,"CY",35.126413,33.429859
2017,2017242,"United States of America",NA,840,"B","Czech Republic",74639,"CZ",49.817492,15.472962
2017,2017242,"United States of America",NA,840,"B","Congo",25147,"CD",-4.038333,21.758664
2017,2017242,"United States of America",NA,840,"B","Denmark",31089,"DK",56.26392,9.501785
2017,2017242,"United States of America",NA,840,"B","Dominica",31856,"DM",15.414999,-61.370976
2017,2017242,"United States of America",NA,840,"B","Dominican Republic",1069268,"DO",18.735693,-70.162651
2017,2017242,"United States of America",NA,840,"B","Ecuador",470319,"EC",-1.831239,-78.183406
2017,2017242,"United States of America",NA,840,"B","Egypt",185131,"EG",26.820553,30.802498
2017,2017242,"United States of America",NA,840,"B","El Salvador",1392663,"SV",13.794185,-88.89653
2017,2017242,"United States of America",NA,840,"B","Eritrea",35745,"ER",15.179384,39.782334
2017,2017242,"United States of America",NA,840,"B","Estonia",10907,"EE",58.595272,25.013607
2017,2017242,"United States of America",NA,840,"B","Ethiopia",217913,"ET",9.145,40.489673
2017,2017242,"United States of America",NA,840,"B","Fiji",46064,"FJ",-16.578193,179.414413
2017,2017242,"United States of America",NA,840,"B","Finland",21526,"FI",61.92411,25.748151
2017,2017242,"United States of America",NA,840,"B","France",183284,"FR",46.227638,2.213749
2017,2017242,"United States of America",NA,840,"B","Gambia",22783,"GM",13.443182,-15.310139
2017,2017242,"United States of America",NA,840,"B","Georgia",26688,"GE",42.315407,43.356892
2017,2017242,"United States of America",NA,840,"B","Germany",645314,"DE",51.165691,10.451526
2017,2017242,"United States of America",NA,840,"B","Ghana",158481,"GH",7.946527,-1.023194
2017,2017242,"United States of America",NA,840,"B","Greece",149249,"GR",39.074208,21.824312
2017,2017242,"United States of America",NA,840,"B","Grenada",35077,"GD",12.262776,-61.604171
2017,2017242,"United States of America",NA,840,"B","Guatemala",975504,"GT",15.783471,-90.230759
2017,2017242,"United States of America",NA,840,"B","Guinea",20005,"GN",9.945587,-9.696645
2017,2017242,"United States of America",NA,840,"B","Guyana",294318,"GY",4.860416,-58.93018
2017,2017242,"United States of America",NA,840,"B","Haiti",671499,"HT",18.971187,-72.285215
2017,2017242,"United States of America",NA,840,"B","Honduras",597647,"HN",15.199999,-86.241905
2017,2017242,"United States of America",NA,840,"B","Hungary",77488,"HU",47.162494,19.503304
2017,2017242,"United States of America",NA,840,"B","Iceland",5581,"IS",64.963051,-19.020835
2017,2017242,"United States of America",NA,840,"B","India",2307909,"IN",20.593684,78.96288
2017,2017242,"United States of America",NA,840,"B","Indonesia",102834,"ID",-0.789275,113.921327
2017,2017242,"United States of America",NA,840,"B","Iran",402700,"IR",32.427908,53.688046
2017,2017242,"United States of America",NA,840,"B","Iraq",209971,"IQ",33.223191,43.679291
2017,2017242,"United States of America",NA,840,"B","Ireland",138889,"IE",53.41291,-8.24389
2017,2017242,"United States of America",NA,840,"B","Israel",142162,"IL",31.046051,34.851612
2017,2017242,"United States of America",NA,840,"B","Italy",389507,"IT",41.87194,12.56738
2017,2017242,"United States of America",NA,840,"B","Jamaica",773204,"JM",18.109581,-77.297508
2017,2017242,"United States of America",NA,840,"B","Japan",368351,"JP",36.204824,138.252924
2017,2017242,"United States of America",NA,840,"B","Jordan",74138,"JO",30.585164,36.238414
2017,2017242,"United States of America",NA,840,"B","Kazakhstan",28425,"KZ",48.019573,66.923684
2017,2017242,"United States of America",NA,840,"B","Kenya",123164,"KE",-0.023559,37.906193
2017,2017242,"United States of America",NA,840,"B","Kuwait",29345,"KW",29.31166,47.481766
2017,2017242,"United States of America",NA,840,"B","Kyrgyzstan",6020,"KG",41.20438,74.766098
2017,2017242,"United States of America",NA,840,"B","Laos",210325,"LA",19.85627,102.495496
2017,2017242,"United States of America",NA,840,"B","Latvia",24756,"LV",56.879635,24.603189
2017,2017242,"United States of America",NA,840,"B","Lebanon",129006,"LB",33.854721,35.862285
2017,2017242,"United States of America",NA,840,"B","Liberia",84102,"LR",6.428055,-9.429499
2017,2017242,"United States of America",NA,840,"B","Libya",9520,"LY",26.3351,17.228331
2017,2017242,"United States of America",NA,840,"B","Lithuania",38812,"LT",55.169438,23.881275
2017,2017242,"United States of America",NA,840,"B","Luxembourg",2626,"LU",49.815273,6.129583
2017,2017242,"United States of America",NA,840,"B","Malaysia",70742,"MY",4.210484,101.975766
2017,2017242,"United States of America",NA,840,"B","Malta",8230,"MT",35.937496,14.375416
2017,2017242,"United States of America",NA,840,"B","Mexico",12683066,"MX",23.634501,-102.552784
2017,2017242,"United States of America",NA,840,"B","Micronesia",7934,"FM",7.425554,150.550812
2017,2017242,"United States of America",NA,840,"B","Montserrat",6640,"MS",16.742498,-62.187366
2017,2017242,"United States of America",NA,840,"B","Morocco",72563,"MA",31.791702,-7.09262
2017,2017242,"United States of America",NA,840,"B","Nepal",103970,"NP",28.394857,84.124008
2017,2017242,"United States of America",NA,840,"B","Netherlands",91303,"NL",52.132633,5.291266
2017,2017242,"United States of America",NA,840,"B","New Zealand",33605,"NZ",-40.900557,174.885971
2017,2017242,"United States of America",NA,840,"B","Nicaragua",275909,"NI",12.865416,-85.207229
2017,2017242,"United States of America",NA,840,"B","Nigeria",282153,"NG",9.081999,8.675277
2017,2017242,"United States of America",NA,840,"B","Norway",28408,"NO",60.472024,8.468946
2017,2017242,"United States of America",NA,840,"B","Pakistan",370353,"PK",30.375321,69.345116
2017,2017242,"United States of America",NA,840,"B","Panama",114181,"PA",8.537981,-80.782127
2017,2017242,"United States of America",NA,840,"B","Paraguay",31257,"PY",-23.442503,-58.443832
2017,2017242,"United States of America",NA,840,"B","Peru",478784,"PE",-9.189967,-75.015152
2017,2017242,"United States of America",NA,840,"B","Philippines",2076253,"PH",12.879721,121.774017
2017,2017242,"United States of America",NA,840,"B","Poland",473864,"PL",51.919438,19.145136
2017,2017242,"United States of America",NA,840,"B","Portugal",195902,"PT",39.399872,-8.224454
2017,2017242,"United States of America",NA,840,"B","Puerto Rico",1903730,"PR",18.220833,-66.590149
2017,2017242,"United States of America",NA,840,"B","South Korea",1177066,"KR",35.907757,127.766922
2017,2017242,"United States of America",NA,840,"B","Moldova",43219,"MD",47.411631,28.369885
2017,2017242,"United States of America",NA,840,"B","Romania",174960,"RO",45.943161,24.96676
2017,2017242,"United States of America",NA,840,"B","Russia",424350,"RU",61.52401,105.318756
2017,2017242,"United States of America",NA,840,"B","Saint Kitts and Nevis",18798,"KN",17.357822,-62.782998
2017,2017242,"United States of America",NA,840,"B","Saint Lucia",23000,"LC",13.909444,-60.978893
2017,2017242,"United States of America",NA,840,"B","Saint Vincent and the Grenadines",24891,"VC",12.984305,-61.287228
2017,2017242,"United States of America",NA,840,"B","Samoa",18405,"WS",-13.759029,-172.104629
2017,2017242,"United States of America",NA,840,"B","Saudi Arabia",86444,"SA",23.885942,45.079162
2017,2017242,"United States of America",NA,840,"B","Senegal",41631,"SN",14.497401,-14.452362
2017,2017242,"United States of America",NA,840,"B","Serbia",37701,"RS",44.016521,21.005859
2017,2017242,"United States of America",NA,840,"B","Sierra Leone",41028,"SL",8.460555,-11.779889
2017,2017242,"United States of America",NA,840,"B","Singapore",35549,"SG",1.352083,103.819836
2017,2017242,"United States of America",NA,840,"B","Slovenia",9510,"SI",46.151241,14.995463
2017,2017242,"United States of America",NA,840,"B","Somalia",91501,"SO",5.152149,46.199616
2017,2017242,"United States of America",NA,840,"B","South Africa",99405,"ZA",-30.559482,22.937506
2017,2017242,"United States of America",NA,840,"B","Spain",109881,"ES",40.463667,-3.74922
2017,2017242,"United States of America",NA,840,"B","Sri Lanka",52054,"LK",7.873054,80.771797
2017,2017242,"United States of America",NA,840,"B","Palestinian Territories",39529,"PS",31.952162,35.233154
2017,2017242,"United States of America",NA,840,"B","Sudan",44595,"SD",12.862807,30.217636
2017,2017242,"United States of America",NA,840,"B","Suriname",14555,"SR",3.919305,-56.027783
2017,2017242,"United States of America",NA,840,"B","Sweden",51275,"SE",60.128161,18.643501
2017,2017242,"United States of America",NA,840,"B","Switzerland",42735,"CH",46.818188,8.227512
2017,2017242,"United States of America",NA,840,"B","Syria",83511,"SY",34.802075,38.996815
2017,2017242,"United States of America",NA,840,"B","Tajikistan",4725,"TJ",38.861034,71.276093
2017,2017242,"United States of America",NA,840,"B","Macedonia [FYROM]",27566,"MK",41.608635,21.745275
2017,2017242,"United States of America",NA,840,"B","Thailand",263611,"TH",15.870032,100.992541
2017,2017242,"United States of America",NA,840,"B","Tonga",19334,"TO",-21.178986,-175.198242
2017,2017242,"United States of America",NA,840,"B","Trinidad and Tobago",251834,"TT",10.691803,-61.222503
2017,2017242,"United States of America",NA,840,"B","Tunisia",118931,"TN",33.886917,9.537499
2017,2017242,"United States of America",NA,840,"B","Turkey",373059,"TR",38.963745,35.243322
2017,2017242,"United States of America",NA,840,"B","Turkmenistan",2268,"TM",38.969719,59.556278
2017,2017242,"United States of America",NA,840,"B","Uganda",44965,"UG",1.373333,32.290275
2017,2017242,"United States of America",NA,840,"B","Ukraine",377365,"UA",48.379433,31.16558
2017,2017242,"United States of America",NA,840,"B","United Arab Emirates",12219,"AE",23.424076,53.847818
2017,2017242,"United States of America",NA,840,"B","United Kingdom",748206,"GB",55.378051,-3.435973
2017,2017242,"United States of America",NA,840,"B","Tanzania",49434,"TZ",-6.369028,34.888822
2017,2017242,"United States of America",NA,840,"B","Uruguay",51229,"UY",-32.522779,-55.765835
2017,2017242,"United States of America",NA,840,"B","Uzbekistan",60216,"UZ",41.377491,64.585262
2017,2017242,"United States of America",NA,840,"B","Venezuela",232448,"VE",6.42375,-66.58973
2017,2017242,"United States of America",NA,840,"B","Vietnam",1409063,"VN",14.058324,108.277199
2017,2017242,"United States of America",NA,840,"B","Yemen",44905,"YE",15.552727,48.516388
2017,2017242,"United States of America",NA,840,"B","Zambia",24455,"ZM",-13.133897,27.849332
2017,2017242,"United States of America",NA,840,"B","Zimbabwe",54567,"ZW",-19.015438,29.154857
