"V1","n"
"ORGANIZATIONAL behavior",166
"ORGANIZATIONAL effectiveness",104
"MANAGEMENT science",102
"PERSONNEL management",93
"DECISION making",90
"ORGANIZATIONAL structure",74
"ORGANIZATIONAL sociology",66
"STRATEGIC planning",66
"INDUSTRIAL management",64
"CORPORATE governance",62
"TEAMS in the workplace",55
"INDUSTRIAL relations",49
"ORGANIZATIONAL change",48
"EXECUTIVE ability (Management)",46
"RESEARCH & development",42
"MANAGEMENT",41
"AGENCY theory",38
"COMPETITIVE advantage",37
"INDUSTRIAL psychology",37
"EMPLOYEE motivation",35
"CHIEF executive officers",32
"INCENTIVES in industry",32
"INTERPERSONAL relations",32
"EMPLOYEES -- Attitudes",31
"EXECUTIVE compensation",31
"LEADERSHIP",31
"BUSINESS planning",29
"SOCIAL psychology",29
"CORPORATIONS -- Finance",28
"BUSINESS networks",27
"EXECUTIVES -- Recruiting",27
"GROUP decision making",27
"GOING public (Securities)",26
"NEW products",26
"RESOURCE management",26
"WORK environment",26
"DECENTRALIZATION in management",25
"INVESTMENTS",25
"INTERORGANIZATIONAL relations",24
"ORGANIZATIONAL research",24
"PRODUCT management",24
"CREATIVE ability in business",23
"PERFORMANCE",23
"BOARDS of directors",21
"RESOURCE-based theory of the firm",21
"SOCIAL networks",21
"INSTITUTIONAL investors",20
"INTELLECTUAL capital",20
"INTRINSIC motivation",20
"JOB qualifications",20
"JOB stress",20
"COMPENSATION management",19
"CUSTOMER satisfaction",19
"CUSTOMER services",19
"FINANCIAL performance",19
"INDUSTRIAL efficiency",19
"KNOWLEDGE management",19
"AGGRESSION (Psychology)",18
"DIVERSIFICATION in industry",18
"EXECUTIVE succession",18
"INDIVIDUAL differences",18
"INNOVATION management",18
"INTERORGANIZATIONAL networks",18
"JOB satisfaction",18
"MARKETING management",18
"MOTIVATION (Psychology)",18
"PERSONNEL changes",18
"CAPITALISTS & financiers",17
"EMPLOYEES",17
"HUMAN capital",17
"INDUSTRIAL organization",17
"LABOR economics",17
"MANAGEMENT research",17
"PRODUCT design",17
"QUALITY of products",17
"QUALITY of work life",17
"RISK",17
"SOCIAL exchange",17
"STOCKHOLDERS",17
"WAGES",17
"FAMILY-owned business enterprises",16
"INTERGROUP relations",16
"ORGANIZATIONAL commitment",16
"STOCK options",16
"STOCKHOLDERS wealth",16
"CREATIVE ability",15
"EXECUTIVES",14
"PROPERTY",14
"ANGER in the workplace",11
"BREAK-even analysis",11
"BURNOUT (Psychology)",11
"CROSS-functional teams",11
"CUSTOMER orientation",11
"CUSTOMER relations",11
"DATA mining",11
"DIVISION of labor",11
"EMPLOYEE selection",11
"EMPLOYMENT in foreign countries",11
"FINANCIAL management",11
"FOREIGN investments",11
"FOREIGN subsidiaries -- Management",11
"GLOBALIZATION",11
"GROUP identity",11
"HIGH technology",11
"HOSPITALS -- Administration",11
"HOST countries (Business)",11
"HUMAN capital -- Management",11
"INFORMATION resources management",11
"INNOVATION adoption",11
"INNOVATIONS in business",11
"INTERNATIONAL business enterprises",11
"INTERNATIONAL business enterprises -- Management",11
"LABOR process",11
"MANAGEMENT information systems",11
"MARKETING strategy",11
"MENTAL fatigue",11
"ORGANIZATIONAL goals",11
"ORGANIZATIONAL justice",11
"PENSION trusts",11
"PROBLEM employees",11
"PRODUCTION management",11
"RESEARCH & development contracts",11
"SERVICE industries -- Management",11
"SHIPBUILDING industry",11
"SUBSIDIARY corporations -- Management",11
"SUCCESS in business",11
"TECHNOLOGICAL innovations",11
"TECHNOLOGICAL innovations -- Economic aspects",11
"TRANSACTION costs",11
"VIOLENCE",11
"VIOLENCE in the workplace",11
"WAGE payment systems",11
"WORK attitudes",11
"CONFLICT management",10
"CONTAGION (Social psychology)",10
"CRITICAL thinking",10
"DEBT",10
"DELEGATION of authority",10
"DIRECTORS of corporations",10
"EMPLOYEE ownership",10
"EMPLOYEE recruitment",10
"EQUITY",10
"JUSTICE",10
"MEDIATION",10
"META-analysis",10
"PROBLEM solving",10
"PRODUCT information management",10
"PRODUCT lines",10
"PSYCHOMETRICS",10
"RESOURCE allocation",10
"STOCK repurchasing",10
"STRATEGIC business units",10
"SUCCESSION planning",10
"SUPERVISORS",10
"UNITED States -- National Guard",10
"WORK environment -- Psychological aspects",10
"WORKFLOW",10
"AMBIVALENCE",9
"BEHAVIORAL research",9
"BUSINESS communication",9
"BUSINESS enterprises",9
"BUSINESS enterprises -- Valuation",9
"BUSINESS models",9
"CAPITAL investments",9
"CAPITAL market",9
"CHARISMATIC authority",9
"COMMERCIAL products",9
"CONDUCT of life",9
"CONSOLIDATION & merger of corporations",9
"CONTINGENCY theory (Management)",9
"CORPORATE culture",9
"CORPORATE image",9
"CORPORATIONS -- Investor relations",9
"CORPORATIONS -- Public relations",9
"CORPORATIONS -- Valuation",9
"CRITICAL incident technique",9
"DECISION theory",9
"EMOTIONS (Psychology)",9
"EMPLOYEE loyalty",9
"EMPLOYEE rules",9
"EMPLOYEE stock options",9
"EMPLOYEES -- Attitudes -- Research",9
"EMPLOYEES -- Rating of",9
"ENTREPRENEURSHIP",9
"ERROR rates",9
"EXECUTIVES -- Dismissal of",9
"GALATEA, sea nymph (Greek deity)",9
"GENEROSITY",9
"GOAL setting in personnel management",9
"HUMAN error",9
"HUMAN resource accounting",9
"INFRASTRUCTURE (Economics)",9
"JOB performance",9
"LABOR organizing",9
"LABOR productivity",9
"LABOR supply",9
"LABOR turnover",9
"MANAGEMENT -- Employee participation",9
"MANAGEMENT styles",9
"MARKETING",9
"MARKETING -- Decision making",9
"MASS media",9
"MATHEMATICAL statistics",9
"MOTION picture authorship",9
"MULTILEVEL marketing",9
"MUNICIPAL corporations",9
"OCCUPATIONAL roles",9
"OPTIONS (Finance)",9
"PEER review (Professional performance)",9
"PERFORMANCE evaluation",9
"PERFORMANCE standards",9
"PUBLIC companies",9
"PUNCTUATED equilibrium (Evolution)",9
"PYGMALION (Greek mythology)",9
"REWARD (Psychology)",9
"RISK management in business",9
"SCREENWRITERS",9
"SELF-congruence",9
"SELF-management (Psychology)",9
"SELF-perception",9
"SOCIAL capital (Sociology)",9
"SOCIAL context",9
"SOCIAL factors",9
"SOCIAL influence",9
"SOCIAL interaction",9
"SOCIAL judgment theory (Communication)",9
"SOCIAL status",9
"STOCK ownership",9
"STOCKHOLDERS -- Attitudes",9
"STOCKS (Finance)",9
"STOCKS (Finance) -- Prices",9
"STRESS (Psychology)",9
"SUPPLY chains",9
"TASK analysis",9
"TURNOVER (Business)",9
"VENTURE capital",9
"WOMEN -- Employment",9
"WOMEN employees",9
"WORK & family",9
"EMINENT domain",8
"MINORITY stockholders",8
"PROFIT",8
"STRATEGIC alliances (Business)",8
"SUPPLIERS",8
"CROSS-cultural differences",7
"STEWARDS",7
"TAIWANESE",7
"HIGH technology industries",4
